Datum;Bereich;Belegt;Frei;Fehler;Gesperrt;Gesamt;;;;
2017-02-03;DPS;43893;14093;8;274;57341;;;;
2017-02-04;DPS;43204;14789;0;267;57340;;;;
2017-02-05;DPS;42707;15314;0;259;57396;;;;
2017-02-06;DPS;42298;15692;4;269;57348;;;;
2017-02-07;DPS;41725;16263;4;273;57341;;;;
2017-02-08;DPS;42067;15933;4;274;57365;;;;
2017-02-09;DPS;42047;15922;8;270;57311;;;;
2017-02-10;DPS;42337;15614;14;282;57287;;;;
2017-02-11;DPS;42811;15160;2;262;57301;;;;
2017-02-12;DPS;42157;15834;6;273;57349;;;;
2017-02-13;DPS;41837;16122;8;272;57293;;;;
2017-02-14;DPS;42832;15132;18;278;57319;;;;
2017-02-15;DPS;43380;14586;18;280;57325;;;;
2017-02-16;DPS;43118;14834;6;275;57271;;;;
2017-02-17;DPS;43711;14240;20;290;57300;;;;
2017-02-18;DPS;42326;15639;4;264;57293;;;;
2017-02-19;DPS;41736;16234;0;268;57295;;;;
2017-02-20;DPS;41886;16075;8;271;57296;;;;
2017-02-21;DPS;41065;16894;16;285;57305;;;;
2017-02-22;DPS;41357;16611;6;268;57305;;;;
2017-02-23;DPS;41812;16156;16;283;57323;;;;
2017-02-24;DPS;43968;14017;6;267;57338;;;;
2017-02-25;DPS;43026;14938;12;272;57305;;;;
2017-02-26;DPS;41986;16005;0;260;57337;;;;
2017-02-27;DPS;41603;16355;6;273;57283;;;;
2017-02-28;DPS;41798;16180;18;288;57350;;;;
2017-03-01;DPS;42326;15639;4;264;57293;;;;
2017-03-02;DPS;43304;14666;16;280;57327;;;;
2017-03-03;DPS;43332;14654;0;286;57345;;;;
2017-03-04;DPS;43170;14811;10;279;57334;;;;
2017-03-05;DPS;41829;16158;4;272;57337;;;;
2017-03-06;DPS;42202;15796;6;267;57364;;;;
2017-03-07;DPS;40922;17060;14;286;57351;;;;
2017-03-08;DPS;41304;16702;12;283;57392;;;;
2017-03-09;DPS;41826;16185;18;291;57418;;;;
2017-03-10;DPS;40799;17186;18;287;57366;;;;
2017-03-11;DPS;40416;17598;4;266;57393;;;;
2017-03-12;DPS;39749;18271;4;268;57402;;;;
2017-03-13;DPS;39932;18086;12;275;57418;;;;
2017-03-14;DPS;39954;18055;18;293;57416;;;;
2017-03-15;DPS;41258;16762;10;283;57420;;;;
2017-03-16;DPS;42311;15686;9;283;57373;;;;
2017-03-17;DPS;43031;14963;17;291;57381;;;;
2017-03-18;DPS;42624;15373;10;281;57372;;;;
2017-03-19;DPS;42325;15709;0;271;57426;;;;
2017-03-20;DPS;41674;16325;4;277;57366;;;;
2017-03-21;DPS;42041;15940;34;306;57389;;;;
2017-03-22;DPS;43711;14319;18;281;57454;;;;
2017-03-23;DPS;44002;14004;10;281;57386;;;;
2017-03-24;DPS;44450;13570;6;279;57412;;;;
2017-03-25;DPS;44346;13656;0;272;57363;;;;
2017-03-26;DPS;43684;14327;0;272;57381;;;;
2017-03-27;DPS;43377;14606;6;280;57339;;;;
2017-03-28;DPS;43872;14134;16;288;57403;;;;
2017-03-29;DPS;45318;12674;18;282;57379;;;;
2017-03-30;DPS;46669;11327;6;277;57364;;;;
2017-03-31;DPS;48167;9825;14;289;57374;;;;
2017-04-01;DPS;47500;10500;4;278;57368;;;;
2017-04-02;DPS;46219;11778;4;269;57362;;;;
2017-04-03;DPS;46406;11567;14;291;57337;;;;
2017-04-04;DPS;46032;11937;18;296;57338;;;;
2017-04-05;DPS;44738;13239;16;292;57348;;;;
2017-04-06;DPS;44012;13984;14;289;57381;;;;
2017-04-07;DPS;44369;13617;18;294;57370;;;;
2017-04-08;DPS;44779;13223;4;275;57378;;;;
2017-04-09;DPS;44207;13802;0;267;57380;;;;
2017-04-10;DPS;43579;14401;14;293;57353;;;;
2017-04-11;DPS;42935;15064;14;294;57392;;;;
2017-04-12;DPS;42920;15078;18;299;57399;;;;
2017-04-13;DPS;42413;15568;18;297;57363;;;;
2017-04-14;DPS;41789;16193;16;294;57360;;;;
2017-04-15;DPS;41704;16298;0;275;57367;;;;
2017-04-16;DPS;41239;16778;0;279;57399;;;;
2017-04-17;DPS;41229;16788;0;270;57399;;;;
2017-04-18;DPS;41083;16927;4;274;57393;;;;
2017-04-19;DPS;41181;16803;16;296;57366;;;;
2017-04-20;DPS;41044;16946;12;292;57370;;;;
2017-04-21;DPS;40359;17630;18;297;57380;;;;
2017-04-22;DPS;41135;16860;14;290;57382;;;;
2017-04-23;DPS;40644;17397;0;269;57446;;;;
2017-04-24;DPS;40400;17609;4;277;57393;;;;
2017-04-25;DPS;39886;18112;16;292;57395;;;;
2017-04-26;DPS;42295;15739;4;275;57442;;;;
2017-04-27;DPS;43386;14616;14;290;57398;;;;
2017-04-28;DPS;44719;13282;4;278;57374;;;;
2017-04-29;DPS;45209;12799;8;282;57396;;;;
2017-04-30;DPS;42833;15164;4;278;57364;;;;
2017-05-01;DPS;42783;15221;4;278;57372;;;;
2017-05-02;DPS;42709;15295;4;278;57382;;;;
2017-05-03;DPS;43565;14410;16;293;57349;;;;
2017-05-04;DPS;44761;13227;20;297;57383;;;;
2017-05-05;DPS;45454;12527;16;292;57360;;;;
2017-05-06;DPS;43877;14087;20;299;57337;;;;
2017-05-07;DPS;43031;14964;10;285;57375;;;;
2017-05-08;DPS;42862;15127;5;283;57356;;;;
2017-05-09;DPS;42768;15196;18;298;57334;;;;
2017-05-10;DPS;42485;15498;2;293;57351;;;;
2017-05-11;DPS;42905;15105;2;272;57389;;;;
2017-05-12;DPS;43392;14566;16;295;57316;;;;
2017-05-13;DPS;44192;13789;8;278;57343;;;;
2017-05-14;DPS;43434;14550;0;276;57333;;;;
2017-05-15;DPS;43982;14002;6;284;57347;;;;
2017-05-16;DPS;43920;14061;6;285;57342;;;;
2017-05-17;DPS;43657;14309;18;299;57339;;;;
2017-05-18;DPS;44337;13625;6;286;57306;;;;
2017-05-19;DPS;45134;12831;6;282;57308;;;;
2017-05-20;DPS;44636;13323;0;271;57284;;;;
2017-05-21;DPS;43545;14431;2;273;57322;;;;
2017-05-22;DPS;43744;14230;2;274;57319;;;;
2017-05-23;DPS;44324;13635;16;292;57316;;;;
2017-05-24;DPS;45137;12836;18;298;57352;;;;
2017-05-25;DPS;44334;13636;16;292;57338;;;;
2017-05-26;DPS;44956;13032;2;274;57347;;;;
2017-05-27;DPS;45927;12034;2;275;57294;;;;
2017-05-28;DPS;45096;12895;0;276;57348;;;;
2017-05-29;DPS;44867;12976;120;400;57296;;;;
2017-05-30;DPS;44974;12988;6;279;57304;;;;
2017-05-31;DPS;44715;13249;12;284;57319;;;;
2017-06-01;DPS;44173;13791;6;285;57311;;;;
2017-06-02;DPS;43780;14199;8;287;57343;;;;
2017-06-03;DPS;42632;15346;0;277;57323;;;;
2017-06-04;DPS;41116;16853;0;272;57305;;;;
2017-06-05;DPS;41111;16858;0;272;57305;;;;
2017-06-06;DPS;41089;16884;6;282;57327;;;;
2017-06-07;DPS;41271;16677;18;301;57305;;;;
2017-06-08;DPS;40879;17062;12;296;57280;;;;
2017-06-09;DPS;42538;15407;14;327;57379;;;;
2017-06-10;DPS;42425;15543;4;280;57315;;;;
2017-06-11;DPS;41720;16265;0;280;57340;;;;
2017-06-12;DPS;41626;16341;2;286;57312;;;;
2017-06-13;DPS;41354;16612;14;294;57333;;;;
2017-06-14;DPS;40437;17529;14;298;57334;;;;
2017-06-15;DPS;40685;17278;6;287;57312;;;;
2017-06-16;DPS;41773;16190;18;303;57336;;;;
2017-06-17;DPS;42363;15605;4;287;57316;;;;
2017-06-18;DPS;42270;15517;188;465;57322;;;;
2017-06-19;DPS;42346;15565;66;344;57327;;;;
2017-06-20;DPS;43387;14544;55;341;57343;;;;
2017-06-21;DPS;43883;13910;194;479;57347;;;;
2017-06-22;DPS;44399;13564;12;289;57322;;;;
2017-06-23;DPS;44678;13309;8;287;57364;;;;
2017-06-24;DPS;44434;13558;6;281;57366;;;;
2017-06-25;DPS;44482;13541;0;282;57416;;;;
2017-06-26;DPS;44011;13973;6;291;57353;;;;
2017-06-27;DPS;43978;14027;2;278;57385;;;;
2017-06-28;DPS;44222;13803;10;290;57445;;;;
2017-06-29;DPS;45502;12524;10;291;57448;;;;
2017-06-30;DPS;46517;11523;14;290;57479;;;;
2017-07-01;DPS;46255;11773;22;305;57467;;;;
2017-07-02;DPS;45599;12464;0;278;57497;;;;
2017-07-03;DPS;45289;12747;6;287;57457;;;;
2017-07-04;DPS;44377;13650;18;303;57464;;;;
2017-07-05;DPS;43624;14431;2;288;57488;;;;
2017-07-06;DPS;42919;15129;8;288;57482;;;;
2017-07-07;DPS;42792;15265;6;283;57498;;;;
2017-07-08;DPS;42069;15988;0;276;57485;;;;
2017-07-09;DPS;41710;16370;2;287;57536;;;;
2017-07-10;DPS;41511;16533;14;300;57489;;;;
2017-07-11;DPS;42174;15898;12;288;57539;;;;
2017-07-12;DPS;42084;15983;16;302;57539;;;;
2017-07-13;DPS;42898;15160;6;286;57503;;;;
2017-07-14;DPS;43542;14522;4;281;57508;;;;
2017-07-15;DPS;44265;13796;4;281;57502;;;;
2017-07-16;DPS;43372;14697;0;287;57510;;;;
2017-07-17;DPS;43578;14478;6;297;57500;;;;
2017-07-18;DPS;43091;14945;17;297;57480;;;;
2017-07-19;DPS;44022;14013;10;297;57464;;;;
2017-07-20;DPS;44218;13816;16;304;57473;;;;
2017-07-21;DPS;43964;14066;12;304;57457;;;;
2017-07-22;DPS;44303;13760;0;280;57501;;;;
2017-07-23;DPS;43448;14602;0;280;57474;;;;
2017-07-24;DPS;43705;14327;8;300;57461;;;;
2017-07-25;DPS;42935;15097;18;315;57481;;;;
2017-07-26;DPS;43031;14990;18;310;57456;;;;
2017-07-27;DPS;42761;15287;8;292;57491;;;;
2017-07-28;DPS;43699;14346;16;310;57502;;;;
2017-07-29;DPS;44638;13416;0;293;57485;;;;
2017-07-30;DPS;44731;13341;0;293;57521;;;;
2017-07-31;DPS;44523;13519;15;312;57497;;;;
2017-08-01;DPS;44792;13246;18;316;57494;;;;
2017-08-02;DPS;44817;13224;18;312;57497;;;;
2017-08-03;DPS;44658;13372;8;301;57453;;;;
2017-08-04;DPS;45245;12794;6;291;57470;;;;
2017-08-05;DPS;43618;14424;0;282;57461;;;;
2017-08-06;DPS;43355;14688;0;293;57463;;;;
2017-08-07;DPS;43660;14384;8;301;57480;;;;
2017-08-08;DPS;42827;15187;46;343;57496;;;;
2017-08-09;DPS;42730;15313;4;288;57473;;;;
2017-08-10;DPS;43055;14998;8;292;57501;;;;
2017-08-11;DPS;43684;14351;12;294;57471;;;;
2017-08-12;DPS;44306;13677;20;313;57376;;;;
2017-08-13;DPS;43298;14706;0;293;57385;;;;
2017-08-14;DPS;43468;14489;0;309;57344;;;;
2017-08-15;DPS;43263;14723;20;319;57395;;;;
2017-08-16;DPS;45021;12963;20;314;57386;;;;
2017-08-17;DPS;45801;12186;10;303;57371;;;;
2017-08-18;DPS;46905;11094;4;297;57383;;;;
2017-08-19;DPS;47038;10961;4;297;57383;;;;
2017-08-20;DPS;46186;11835;2;286;57421;;;;
2017-08-21;DPS;45804;12188;14;310;57391;;;;
2017-08-22;DPS;44760;13248;10;309;57418;;;;
2017-08-23;DPS;44771;13237;8;296;57414;;;;
2017-08-24;DPS;45769;12241;14;297;57426;;;;
2017-08-25;DPS;46109;11885;8;306;57385;;;;
2017-08-26;DPS;48232;9774;6;297;57401;;;;
2017-08-27;DPS;47335;10675;16;311;57428;;;;
2017-08-28;DPS;47715;10313;6;290;57447;;;;
2017-08-29;DPS;47385;10625;12;295;57422;;;;
2017-08-30;DPS;48458;9544;12;311;57410;;;;
2017-08-31;DPS;49468;8559;2;286;57437;;;;
2017-09-01;DPS;49092;8913;6;305;57405;;;;
2017-09-02;DPS;47491;10484;2;296;57338;;;;
2017-09-03;DPS;47516;10442;18;317;57336;;;;
2017-09-04;DPS;47599;10360;20;322;57344;;;;
2017-09-05;DPS;46634;11325;24;327;57353;;;;
2017-09-06;DPS;45920;12064;16;316;57384;;;;
2017-09-07;DPS;45120;12882;4;293;57396;;;;
2017-09-08;DPS;44649;13315;24;329;57363;;;;
2017-09-09;DPS;44309;13679;0;287;57358;;;;
2017-09-10;DPS;43581;14410;0;287;57364;;;;
2017-09-11;DPS;43878;14098;8;313;57354;;;;
2017-09-12;DPS;42758;15227;20;322;57393;;;;
2017-09-13;DPS;43208;14806;2;291;57416;;;;
2017-09-14;DPS;43672;14332;10;297;57410;;;;
2017-09-15;DPS;43895;14094;14;310;57388;;;;
2017-09-16;DPS;44345;13659;0;302;57390;;;;
2017-09-17;DPS;44045;13957;4;303;57392;;;;
2017-09-18;DPS;44347;13661;2;290;57403;;;;
2017-09-19;DPS;43654;14337;12;313;57388;;;;
2017-09-20;DPS;43779;14218;10;301;57398;;;;
2017-09-21;DPS;44572;13408;8;299;57360;;;;
2017-09-22;DPS;45117;12856;22;326;57374;;;;
2017-09-23;DPS;45777;12209;14;315;57382;;;;
2017-09-24;DPS;44778;13211;0;296;57366;;;;
2017-09-25;DPS;44888;13095;8;311;57373;;;;
2017-09-26;DPS;44826;13152;18;329;57383;;;;
2017-09-27;DPS;45811;12194;4;312;57406;;;;
2017-09-28;DPS;47180;10808;12;305;57388;;;;
2017-09-29;DPS;47122;10871;8;316;57392;;;;
2017-09-30;DPS;46295;11711;0;293;57400;;;;
2017-10-01;DPS;45596;12409;6;301;57412;;;;
2017-10-02;DPS;45521;12470;12;315;57402;;;;
2017-10-03;DPS;44962;13011;20;332;57378;;;;
2017-10-04;DPS;45894;12097;10;319;57391;;;;
2017-10-05;DPS;46722;11271;10;307;57398;;;;
2017-10-06;DPS;47312;10662;16;311;57370;;;;
2017-10-07;DPS;47499;10495;0;293;57376;;;;
2017-10-08;DPS;46659;11351;0;305;57408;;;;
2017-10-09;DPS;46573;11412;6;304;57375;;;;
2017-10-10;DPS;45632;12341;22;336;57384;;;;
2017-10-11;DPS;45933;12046;12;308;57373;;;;
2017-10-12;DPS;46205;11781;6;301;57374;;;;
2017-10-13;DPS;45821;12145;20;334;57364;;;;
2017-10-14;DPS;45701;12290;12;322;57393;;;;
2017-10-15;DPS;44250;13733;0;310;57355;;;;
2017-10-16;DPS;44561;13420;4;302;57363;;;;
2017-10-17;DPS;44555;13410;18;331;57358;;;;
2017-10-18;DPS;43841;14140;22;336;57398;;;;
2017-10-19;DPS;44604;13394;14;322;57413;;;;
2017-10-20;DPS;45578;12391;20;334;57371;;;;
2017-10-21;DPS;47342;10630;0;294;57333;;;;
2017-10-22;DPS;46756;11232;0;298;57365;;;;
2017-10-23;DPS;46699;11268;18;321;57364;;;;
2017-10-24;DPS;46357;11608;20;335;57364;;;;
2017-10-25;DPS;47729;10231;24;339;57362;;;;
2017-10-26;DPS;48741;9227;16;323;57357;;;;
2017-10-27;DPS;50075;7922;4;298;57391;;;;
2017-10-28;DPS;51077;6903;8;319;57367;;;;
2017-10-29;DPS;48958;9007;18;328;57356;;;;
2017-10-30;DPS;49238;8736;18;315;57376;;;;
2017-10-31;DPS;50132;7787;56;371;57344;;;;
2017-11-01;DPS;50339;7630;30;340;57390;;;;
2017-11-02;DPS;50936;7038;20;334;57381;;;;
2017-11-03;DPS;50254;7706;20;338;57357;;;;
2017-11-04;DPS;49051;8913;18;327;57355;;;;
2017-11-05;DPS;48060;9933;0;312;57377;;;;
2017-11-06;DPS;48393;9572;14;328;57351;;;;
2017-11-07;DPS;46613;11327;22;342;57322;;;;
2017-11-08;DPS;45738;12210;22;337;57334;;;;
2017-11-09;DPS;45363;12587;20;340;57337;;;;
2017-11-10;DPS;44296;13663;20;338;57353;;;;
2017-11-11;DPS;44273;13671;20;339;57323;;;;
2017-11-12;DPS;44031;13922;22;338;57342;;;;
2017-11-13;DPS;43346;14615;10;327;57337;;;;
2017-11-14;DPS;44023;13929;22;341;57342;;;;
2017-11-15;DPS;44499;13451;24;346;57347;;;;
2017-11-16;DPS;45003;12946;22;345;57341;;;;
2017-11-17;DPS;44951;13006;20;346;57355;;;;
2017-11-18;DPS;44601;13374;6;324;57355;;;;
2017-11-19;DPS;44093;13895;14;320;57396;;;;
2017-11-20;DPS;43768;14203;16;335;57371;;;;
2017-11-21;DPS;43262;14717;20;342;57395;;;;
2017-11-22;DPS;44091;13875;20;345;57372;;;;
2017-11-23;DPS;43283;14689;24;347;57390;;;;
2017-11-24;DPS;43895;14064;22;346;57361;;;;
2017-11-25;DPS;43809;14155;20;346;57367;;;;
2017-11-26;DPS;42169;15828;0;298;57387;;;;
2017-11-27;DPS;42094;15883;8;330;57366;;;;
2017-11-28;DPS;41845;16131;18;341;57384;;;;
2017-11-29;DPS;42413;15550;20;342;57361;;;;
2017-11-30;DPS;42663;15321;18;343;57402;;;;
2017-12-01;DPS;41923;16034;20;346;57353;;;;
2017-12-02;DPS;43505;14418;20;348;57288;;;;
2017-12-03;DPS;44090;13891;2;324;57360;;;;
2017-12-04;DPS;44372;13584;10;337;57333;;;;
2017-12-05;DPS;44146;13813;18;342;57349;;;;
2017-12-06;DPS;44724;13269;18;342;57417;;;;
2017-12-07;DPS;44478;13478;18;342;57343;;;;
2017-12-08;DPS;44393;13560;18;348;57344;;;;
2017-12-09;DPS;43958;13988;18;336;57328;;;;
2017-12-10;DPS;44177;13824;0;301;57398;;;;
2017-12-11;DPS;43657;14310;8;336;57350;;;;
2017-12-12;DPS;44355;13612;18;345;57368;;;;
2017-12-13;DPS;44677;13306;10;321;57383;;;;
2017-12-14;DPS;45589;12388;18;324;57387;;;;
2017-12-15;DPS;46336;11637;20;349;57387;;;;
2017-12-16;DPS;47670;10296;20;359;57383;;;;
2017-12-17;DPS;47161;10860;2;334;57450;;;;
2017-12-18;DPS;46999;10984;12;348;57398;;;;
2017-12-19;DPS;48415;9551;20;356;57380;;;;
2017-12-20;DPS;48929;9053;16;328;57403;;;;
2017-12-21;DPS;48348;9618;18;353;57375;;;;
2017-12-22;DPS;48329;9657;22;360;57426;;;;
2017-12-23;DPS;47741;10274;18;332;57475;;;;
2017-12-24;DPS;45246;12782;7;339;57472;;;;
2017-12-25;DPS;45240;12786;9;341;57472;;;;
2017-12-26;DPS;45240;12786;9;318;57472;;;;
2017-12-27;DPS;45172;12850;8;343;57467;;;;
2017-12-28;DPS;46523;11478;24;359;57457;;;;
2017-12-29;DPS;47224;10786;20;353;57466;;;;
2017-12-30;DPS;47982;10029;22;358;57474;;;;
2017-12-31;DPS;46723;11338;0;309;57526;;;;
2018-01-01;DPS;46723;11338;0;309;57526;;;;
2018-01-02;DPS;46530;11500;8;341;57481;;;;
2018-01-03;DPS;47104;10943;12;342;57524;;;;
2018-01-04;DPS;47367;10691;6;338;57532;;;;
2018-01-05;DPS;46867;11193;12;330;57548;;;;
2018-01-06;DPS;45799;12267;0;309;57536;;;;
2018-01-07;DPS;45547;12535;6;337;57580;;;;
2018-01-08;DPS;45428;12633;10;345;57549;;;;
2018-01-09;DPS;45224;12815;20;358;57528;;;;
2018-01-10;DPS;47888;10173;14;325;57556;;;;
2018-01-11;DPS;48435;9622;10;322;57541;;;;
2018-01-12;DPS;48814;9251;0;309;57534;;;;
2018-01-13;DPS;47800;10240;0;331;57484;;;;
2018-01-14;DPS;47547;10501;4;313;57508;;;;
2018-01-15;DPS;47567;10460;8;343;57480;;;;
2018-01-16;DPS;46855;11165;6;332;57458;;;;
2018-01-17;DPS;48971;9054;20;353;57496;;;;
2018-01-18;DPS;49501;8526;18;349;57496;;;;
2018-01-19;DPS;50191;7812;14;323;57438;;;;
2018-01-20;DPS;49723;8283;0;309;57416;;;;
2018-01-21;DPS;49294;8725;0;309;57442;;;;
2018-01-22;DPS;49079;8908;10;346;57404;;;;
2018-01-23;DPS;47866;10135;18;350;57444;;;;
2018-01-24;DPS;47869;10150;6;316;57455;;;;
2018-01-25;DPS;47836;10176;8;317;57444;;;;
2018-01-26;DPS;48588;9435;2;311;57454;;;;
2018-01-27;DPS;47570;10452;4;333;57456;;;;
2018-01-28;DPS;47175;10864;0;319;57482;;;;
2018-01-29;DPS;46915;11090;6;340;57430;;;;
2018-01-30;DPS;46696;11307;4;315;57420;;;;
2018-01-31;DPS;47830;10164;4;334;57400;;;;
2018-02-01;DPS;47355;10619;18;329;57390;;;;
2018-02-02;DPS;46761;11231;0;332;57390;;;;
2018-02-03;DPS;46313;11672;0;311;57376;;;;
2018-02-04;DPS;45912;12082;0;325;57392;;;;
2018-02-05;DPS;46098;11877;4;319;57368;;;;
2018-02-06;DPS;43888;14057;14;325;57324;;;;
2018-02-07;DPS;43521;14459;6;317;57378;;;;
2018-02-08;DPS;43793;14189;4;332;57376;;;;
2018-02-09;DPS;43895;14100;8;319;57412;;;;
2018-02-10;DPS;43424;14554;0;328;57360;;;;
2018-02-11;DPS;42865;15129;0;309;57392;;;;
2018-02-12;DPS;42790;15166;12;348;57348;;;;
2018-02-13;DPS;42216;15731;12;325;57326;;;;
2018-02-14;DPS;42759;15177;22;353;57322;;;;
2018-02-15;DPS;42081;15852;8;337;57286;;;;
2018-02-16;DPS;41717;16229;4;313;57304;;;;
2018-02-17;DPS;42227;15723;0;309;57304;;;;
2018-02-18;DPS;41448;16530;0;313;57358;;;;
2018-02-19;DPS;41228;16719;6;327;57312;;;;
2018-02-20;DPS;41748;16212;6;333;57336;;;;
2018-02-21;DPS;42467;15476;20;341;57334;;;;
2018-02-22;DPS;43133;14791;6;316;57265;;;;
2018-02-23;DPS;43092;14840;2;314;57275;;;;
2018-02-24;DPS;44015;13935;0;327;57305;;;;
2018-02-25;DPS;43061;14909;6;333;57356;;;;
2018-02-26;DPS;42583;15356;0;314;57287;;;;
2018-02-27;DPS;42381;15569;8;325;57328;;;;
2018-02-28;DPS;43959;13992;8;333;57327;;;;
2018-03-01;DPS;44718;13230;16;330;57337;;;;
2018-03-02;DPS;44116;13840;4;336;57329;;;;
2018-03-03;DPS;44660;13293;4;318;57323;;;;
2018-03-04;DPS;44384;13570;0;314;57314;;;;
2018-03-05;DPS;44822;13108;20;344;57310;;;;
2018-03-06;DPS;44112;13844;6;342;57338;;;;
2018-03-07;DPS;42870;15072;14;347;57323;;;;
2018-03-08;DPS;44130;13820;8;324;57327;;;;
2018-03-09;DPS;44614;13334;12;326;57329;;;;
2018-03-10;DPS;45698;12259;2;316;57327;;;;
2018-03-11;DPS;44418;13542;4;329;57337;;;;
2018-03-12;DPS;44529;13428;4;336;57332;;;;
2018-03-13;DPS;43946;14003;14;341;57335;;;;
2018-03-14;DPS;44997;12962;6;322;57341;;;;
2018-03-15;DPS;46188;11763;10;326;57333;;;;
2018-03-16;DPS;45747;12196;22;353;57340;;;;
2018-03-17;DPS;45565;12408;0;330;57355;;;;
2018-03-18;DPS;44525;13438;0;314;57335;;;;
2018-03-19;DPS;44726;13221;18;336;57343;;;;
2018-03-20;DPS;43369;14587;14;330;57351;;;;
2018-03-21;DPS;42905;15058;2;332;57339;;;;
2018-03-22;DPS;43941;14020;6;335;57348;;;;
2018-03-23;DPS;44986;12986;8;323;57370;;;;
2018-03-24;DPS;44891;13071;0;332;57368;;;;
2018-03-25;DPS;43472;14508;0;314;57364;;;;
2018-03-26;DPS;43901;14061;8;346;57356;;;;
2018-03-27;DPS;44225;13739;22;341;57386;;;;
2018-03-28;DPS;44348;13609;16;331;57356;;;;
2018-03-29;DPS;44550;13400;24;362;57363;;;;
2018-03-30;DPS;44033;13944;4;335;57371;;;;
2018-03-31;DPS;44167;13795;10;329;57358;;;;
2018-04-01;DPS;43757;14239;0;331;57401;;;;
2018-04-02;DPS;43757;14239;0;331;57401;;;;
2018-04-03;DPS;43631;14334;12;347;57367;;;;
2018-04-04;DPS;44113;13836;20;350;57350;;;;
2018-04-05;DPS;44931;13001;14;337;57305;;;;
2018-04-06;DPS;43982;13966;10;334;57327;;;;
2018-04-07;DPS;43519;14446;8;326;57359;;;;
2018-04-08;DPS;42383;15591;6;337;57369;;;;
2018-04-09;DPS;42494;15475;8;341;57365;;;;
2018-04-10;DPS;43249;14718;14;329;57372;;;;
2018-04-11;DPS;45648;12321;16;334;57383;;;;
2018-04-12;DPS;44601;13368;6;320;57359;;;;
2018-04-13;DPS;45658;12304;18;353;57370;;;;
2018-04-14;DPS;46156;11811;18;352;57379;;;;
2018-04-15;DPS;45170;12803;0;324;57355;;;;
2018-04-16;DPS;45481;12478;10;328;57351;;;;
2018-04-17;DPS;44111;13851;10;345;57357;;;;
2018-04-18;DPS;43356;14596;14;349;57345;;;;
2018-04-19;DPS;44328;13649;4;320;57373;;;;
2018-04-20;DPS;44434;13539;4;318;57363;;;;
2018-04-21;DPS;43803;14173;2;318;57367;;;;
2018-04-22;DPS;42541;15442;0;314;57374;;;;
2018-04-23;DPS;42738;15225;12;331;57362;;;;
2018-04-24;DPS;43804;14157;20;353;57374;;;;
2018-04-25;DPS;43890;14061;26;362;57367;;;;
2018-04-26;DPS;44309;13637;22;355;57351;;;;
2018-04-27;DPS;45240;12712;23;361;57365;;;;
2018-04-28;DPS;44953;13010;16;336;57371;;;;
2018-04-29;DPS;45364;12639;0;314;57415;;;;
2018-04-30;DPS;45346;12657;0;314;57415;;;;
2018-05-01;DPS;45346;12657;0;314;57415;;;;
2018-05-02;DPS;45109;12877;2;338;57389;;;;
2018-05-03;DPS;46264;11705;20;356;57391;;;;
2018-05-04;DPS;45884;12087;12;329;57378;;;;
2018-05-05;DPS;44692;13286;12;346;57394;;;;
2018-05-06;DPS;43249;14742;0;334;57393;;;;
2018-05-07;DPS;43419;14559;8;341;57382;;;;
2018-05-08;DPS;43767;14202;20;354;57389;;;;
2018-05-09;DPS;43938;14023;14;351;57364;;;;
2018-05-10;DPS;43783;14199;0;315;57374;;;;
2018-05-11;DPS;43678;14287;12;332;57369;;;;
2018-05-12;DPS;43462;14512;10;328;57381;;;;
2018-05-13;DPS;43276;14707;2;335;57380;;;;
2018-05-14;DPS;43170;14802;6;326;57371;;;;
2018-05-15;DPS;43906;14066;6;322;57367;;;;
2018-05-16;DPS;45075;12895;10;326;57371;;;;
2018-05-17;DPS;46521;11443;12;349;57366;;;;
2018-05-18;DPS;46912;11064;10;345;57383;;;;
2018-05-19;DPS;46867;11084;16;335;57347;;;;
2018-05-20;DPS;46280;11699;0;315;57368;;;;
2018-05-21;DPS;46266;11713;0;319;57368;;;;
2018-05-22;DPS;46488;11477;8;345;57359;;;;
2018-05-23;DPS;46153;11789;24;365;57350;;;;
2018-05-24;DPS;44482;13477;8;328;57349;;;;
2018-05-25;DPS;44750;13219;6;323;57362;;;;
2018-05-26;DPS;44386;13600;0;317;57383;;;;
2018-05-27;DPS;44502;13475;0;332;57365;;;;
2018-05-28;DPS;44940;13022;14;332;57365;;;;
2018-05-29;DPS;43834;14125;10;341;57354;;;;
2018-05-30;DPS;42930;15052;6;324;57389;;;;
2018-05-31;DPS;42817;15163;2;320;57377;;;;
2018-06-01;DPS;42113;15847;16;349;57363;;;;
2018-06-02;DPS;41274;16711;2;318;57385;;;;
2018-06-03;DPS;40684;17300;0;318;57381;;;;
2018-06-04;DPS;40644;17327;4;325;57366;;;;
2018-06-05;DPS;41006;16959;16;334;57375;;;;
2018-06-06;DPS;41431;16553;0;337;57382;;;;
2018-06-07;DPS;43106;14860;20;359;57387;;;;
2018-06-08;DPS;43841;14114;20;362;57368;;;;
2018-06-09;DPS;44757;13206;15;360;57378;;;;
2018-06-10;DPS;44651;13340;0;318;57395;;;;
2018-06-11;DPS;44785;13187;12;334;57383;;;;
2018-06-12;DPS;44843;13135;18;349;57406;;;;
2018-06-13;DPS;44740;13223;18;359;57380;;;;
2018-06-14;DPS;44606;13360;10;337;57368;;;;
2018-06-15;DPS;44933;13034;18;339;57386;;;;
2018-06-16;DPS;44403;13574;2;338;57374;;;;
2018-06-17;DPS;44456;13547;0;331;57420;;;;
2018-06-18;DPS;44273;13696;16;355;57386;;;;
2018-06-19;DPS;45574;12396;20;359;57396;;;;
2018-06-20;DPS;46512;11448;22;354;57381;;;;
2018-06-21;DPS;46322;11663;8;349;57403;;;;
2018-06-22;DPS;47842;10149;20;364;57442;;;;
2018-06-23;DPS;48070;9908;12;331;57394;;;;
2018-06-24;DPS;47842;10155;0;338;57408;;;;
2018-06-25;DPS;47976;10011;12;333;57414;;;;
2018-06-26;DPS;48318;9645;22;365;57389;;;;
2018-06-27;DPS;48227;9777;8;327;57438;;;;
2018-06-28;DPS;46327;11645;22;362;57406;;;;
2018-06-29;DPS;46325;11659;22;360;57426;;;;
2018-06-30;DPS;45463;12533;0;337;57406;;;;
2018-07-01;DPS;45077;12934;0;337;57436;;;;
2018-07-02;DPS;44718;13280;0;320;57411;;;;
2018-07-03;DPS;44252;13729;16;336;57409;;;;
2018-07-04;DPS;43667;14319;18;356;57423;;;;
2018-07-05;DPS;44049;13933;14;353;57406;;;;
2018-07-06;DPS;43905;14063;20;342;57393;;;;
2018-07-07;DPS;43416;14563;6;348;57386;;;;
2018-07-08;DPS;42544;15441;4;347;57397;;;;
2018-07-09;DPS;42844;15118;18;359;57377;;;;
2018-07-10;DPS;42496;15474;20;344;57399;;;;
2018-07-11;DPS;41803;16186;10;335;57418;;;;
2018-07-12;DPS;41917;16068;8;332;57404;;;;
2018-07-13;DPS;42125;15835;10;353;57360;;;;
2018-07-14;DPS;42181;15803;2;342;57389;;;;
2018-07-15;DPS;42746;15239;2;324;57391;;;;
2018-07-16;DPS;43126;14842;22;367;57403;;;;
2018-07-17;DPS;43616;14355;22;362;57411;;;;
2018-07-18;DPS;45909;12076;22;364;57439;;;;
2018-07-19;DPS;46946;11031;20;363;57419;;;;
2018-07-20;DPS;47526;10431;28;362;57393;;;;
2018-07-21;DPS;48824;9163;12;337;57418;;;;
2018-07-22;DPS;48348;9664;0;323;57442;;;;
2018-07-23;DPS;47791;10197;10;350;57419;;;;
2018-07-24;DPS;46961;11019;18;344;57415;;;;
2018-07-25;DPS;46021;11947;20;349;57400;;;;
2018-07-26;DPS;45368;12568;20;364;57338;;;;
2018-07-27;DPS;46555;11404;20;362;57382;;;;
2018-07-28;DPS;46853;11125;0;338;57376;;;;
2018-07-29;DPS;46944;11038;12;336;57407;;;;
2018-07-30;DPS;47141;10832;18;344;57403;;;;
2018-07-31;DPS;46873;11098;23;361;57409;;;;
2018-08-01;DPS;45754;12198;26;366;57377;;;;
2018-08-02;DPS;45780;12197;16;354;57406;;;;
2018-08-03;DPS;46682;11290;24;367;57417;;;;
2018-08-04;DPS;46447;11536;0;325;57386;;;;
2018-08-05;DPS;45297;12698;4;329;57417;;;;
2018-08-06;DPS;45385;12585;22;367;57410;;;;
2018-08-07;DPS;42654;15323;14;358;57408;;;;
2018-08-08;DPS;43378;14586;20;356;57391;;;;
2018-08-09;DPS;43868;14081;24;368;57367;;;;
2018-08-10;DPS;44803;13143;30;376;57379;;;;
2018-08-11;DPS;44189;13785;14;350;57395;;;;
2018-08-12;DPS;43528;14462;4;342;57409;;;;
2018-08-13;DPS;43397;14583;12;339;57406;;;;
2018-08-14;DPS;42415;15554;18;362;57395;;;;
2018-08-15;DPS;44349;13623;6;348;57379;;;;
2018-08-16;DPS;43197;14764;20;364;57384;;;;
2018-08-17;DPS;43820;14133;28;374;57388;;;;
2018-08-18;DPS;43830;14148;0;335;57378;;;;
2018-08-19;DPS;43393;14600;6;346;57422;;;;
2018-08-20;DPS;43145;14815;24;371;57394;;;;
2018-08-21;DPS;43295;14689;12;359;57418;;;;
2018-08-22;DPS;45415;12582;12;343;57444;;;;
2018-08-23;DPS;45399;12597;16;347;57450;;;;
2018-08-24;DPS;44963;13033;24;371;57466;;;;
2018-08-25;DPS;44229;13771;8;339;57442;;;;
2018-08-26;DPS;43357;14672;0;346;57483;;;;
2018-08-27;DPS;42919;15079;12;362;57449;;;;
2018-08-28;DPS;41930;16055;20;369;57437;;;;
2018-08-29;DPS;43485;14489;26;376;57423;;;;
2018-08-30;DPS;45076;12906;22;357;57438;;;;
2018-08-31;DPS;46198;11794;16;365;57444;;;;
2018-09-01;DPS;46370;11629;0;333;57426;;;;
2018-09-02;DPS;45347;12670;4;348;57467;;;;
2018-09-03;DPS;45105;12875;18;366;57427;;;;
2018-09-04;DPS;43722;14292;6;353;57466;;;;
2018-09-05;DPS;43059;14946;20;367;57477;;;;
2018-09-06;DPS;43765;14224;12;356;57431;;;;
2018-09-07;DPS;44074;13925;4;351;57434;;;;
2018-09-08;DPS;43684;14303;4;342;57415;;;;
2018-09-09;DPS;42989;15026;0;350;57459;;;;
2018-09-10;DPS;43050;14957;10;346;57465;;;;
2018-09-11;DPS;42789;15242;6;340;57503;;;;
2018-09-12;DPS;42284;15722;18;362;57477;;;;
2018-09-13;DPS;42318;15685;18;361;57472;;;;
2018-09-14;DPS;43407;14620;6;355;57494;;;;
2018-09-15;DPS;43062;14973;0;333;57498;;;;
2018-09-16;DPS;41903;16141;0;333;57516;;;;
2018-09-17;DPS;41512;16500;6;357;57466;;;;
2018-09-18;DPS;40946;17075;12;357;57498;;;;
2018-09-19;DPS;40979;17052;10;362;57512;;;;
2018-09-20;DPS;43746;14316;0;333;57552;;;;
2018-09-21;DPS;42928;15113;6;339;57522;;;;
2018-09-22;DPS;42240;15801;0;351;57512;;;;
2018-09-23;DPS;42229;15824;0;335;57534;;;;
2018-09-24;DPS;42786;15256;10;343;57532;;;;
2018-09-25;DPS;42568;15455;16;351;57508;;;;
2018-09-26;DPS;44415;13544;18;354;57385;;;;
2018-09-27;DPS;44188;13782;6;358;57382;;;;
2018-09-28;DPS;44358;13610;14;366;57394;;;;
2018-09-29;DPS;44431;13557;4;356;57414;;;;
2018-09-30;DPS;42705;15295;0;333;57428;;;;
2018-10-01;DPS;43121;14855;12;345;57404;;;;
2018-10-02;DPS;42867;15125;0;350;57412;;;;
2018-10-03;DPS;42458;15546;0;349;57436;;;;
2018-10-04;DPS;41875;16005;102;436;57393;;;;
2018-10-05;DPS;43060;14898;26;375;57399;;;;
2018-10-06;DPS;42772;15206;6;340;57396;;;;
2018-10-07;DPS;40970;17031;0;349;57430;;;;
2018-10-08;DPS;41198;16803;0;333;57430;;;;
2018-10-09;DPS;40788;17193;6;343;57406;;;;
2018-10-10;DPS;42004;15987;8;341;57426;;;;
2018-10-11;DPS;41704;16271;10;363;57402;;;;
2018-10-12;DPS;42750;15237;6;348;57415;;;;
2018-10-13;DPS;43080;14914;0;333;57416;;;;
2018-10-14;DPS;42151;15848;0;333;57426;;;;
2018-10-15;DPS;42497;15502;0;333;57426;;;;
2018-10-16;DPS;43303;14679;8;359;57410;;;;
2018-10-17;DPS;44424;13553;18;368;57420;;;;
2018-10-18;DPS;46151;11832;18;358;57433;;;;
2018-10-19;DPS;46836;11125;20;358;57390;;;;
2018-10-20;DPS;46713;11244;10;347;57366;;;;
2018-10-21;DPS;45669;12291;14;360;57377;;;;
2018-10-22;DPS;45692;12261;16;367;57368;;;;
2018-10-23;DPS;45667;12277;24;374;57365;;;;
2018-10-24;DPS;46049;11918;6;340;57375;;;;
2018-10-25;DPS;47409;10517;26;364;57337;;;;
2018-10-26;DPS;48087;9868;14;363;57369;;;;
2018-10-27;DPS;47528;10420;12;360;57350;;;;
2018-10-28;DPS;45872;12095;6;341;57376;;;;
2018-10-29;DPS;46422;11453;12;365;57243;;;;
2018-10-30;DPS;44949;12401;604;956;57342;;;;
2018-10-31;DPS;44844;13100;10;346;57339;;;;
2018-11-01;DPS;45279;12677;0;335;57342;;;;
2018-11-02;DPS;45309;12620;24;378;57343;;;;
2018-11-03;DPS;46137;11779;28;380;57322;;;;
2018-11-04;DPS;45286;12681;0;350;57366;;;;
2018-11-05;DPS;45130;12821;10;347;57354;;;;
2018-11-06;DPS;45915;12019;26;376;57356;;;;
2018-11-07;DPS;46709;11224;26;376;57350;;;;
2018-11-08;DPS;47685;10265;16;356;57367;;;;
2018-11-09;DPS;47451;10495;24;369;57373;;;;
2018-11-10;DPS;47890;10065;6;345;57356;;;;
2018-11-11;DPS;46546;11408;16;361;57374;;;;
2018-11-12;DPS;45960;11983;16;359;57356;;;;
2018-11-13;DPS;44676;13245;14;356;57307;;;;
2018-11-14;DPS;45116;12753;24;372;57225;;;;
2018-11-15;DPS;45952;11908;26;375;57212;;;;
2018-11-16;DPS;46279;11596;16;360;57221;;;;
2018-11-17;DPS;46276;11616;4;350;57229;;;;
2018-11-18;DPS;45379;12516;4;354;57239;;;;
2018-11-19;DPS;45211;12672;6;351;57218;;;;
2018-11-20;DPS;46455;11366;22;368;57127;;;;
2018-11-21;DPS;45447;12372;26;375;57134;;;;
2018-11-22;DPS;46341;11482;24;372;57134;;;;
2018-11-23;DPS;46540;11300;10;354;57138;;;;
2018-11-24;DPS;46569;11289;14;356;57181;;;;
2018-11-25;DPS;45037;12848;6;348;57210;;;;
2018-11-26;DPS;45366;12490;26;375;57206;;;;
2018-11-27;DPS;44470;13392;18;364;57199;;;;
2018-11-28;DPS;45367;12504;8;351;57196;;;;
2018-11-29;DPS;45607;12242;12;361;57162;;;;
2018-11-30;DPS;45155;12696;14;362;57173;;;;
2018-12-01;DPS;45146;12721;18;361;57208;;;;
2018-12-02;DPS;44219;13606;64;407;57216;;;;
2018-12-03;DPS;44251;13464;162;509;57196;;;;
2018-12-04;DPS;44532;13339;14;363;57214;;;;
2018-12-05;DPS;45049;12809;18;364;57193;;;;
2018-12-06;DPS;47094;10767;24;371;57212;;;;
2018-12-07;DPS;46752;11090;42;391;57211;;;;
2018-12-08;DPS;47853;10026;20;367;57239;;;;
2018-12-09;DPS;47084;10830;4;350;57277;;;;
2018-12-10;DPS;46956;10925;10;365;57229;;;;
2018-12-11;DPS;47334;10546;20;367;57242;;;;
2018-12-12;DPS;48465;9418;18;369;57243;;;;
2018-12-13;DPS;48294;9578;18;371;57223;;;;
2018-12-14;DPS;48008;10039;20;379;57593;;;;
2018-12-15;DPS;49095;8792;22;381;57267;;;;
2018-12-16;DPS;48458;9467;2;353;57295;;;;
2018-12-17;DPS;48238;9644;24;377;57258;;;;
2018-12-18;DPS;47939;9957;22;372;57281;;;;
2018-12-19;DPS;47434;10456;18;373;57263;;;;
2018-12-20;DPS;46690;11204;20;372;57275;;;;
2018-12-21;DPS;47192;10703;18;372;57272;;;;
2018-12-22;DPS;46333;11554;22;373;57261;;;;
2018-12-23;DPS;45012;12927;0;346;57319;;;;
2018-12-24;DPS;44649;13246;20;371;57273;;;;
2018-12-25;DPS;43989;13934;0;349;57287;;;;
2018-12-26;DPS;43987;13936;0;349;57287;;;;
2018-12-27;DPS;44042;13846;33;387;57288;;;;
2018-12-28;DPS;43954;13935;27;378;57275;;;;
2018-12-29;DPS;45164;12730;25;377;57282;;;;
2018-12-30;DPS;44251;13681;0;349;57305;;;;
2018-12-31;DPS;44518;13400;13;363;57306;;;;
2019-01-01;DPS;43141;14749;31;379;57285;;;;
2019-01-02;DPS;43316;14567;47;398;57304;;;;
2019-01-03;DPS;45008;12879;41;394;57301;;;;
2019-01-04;DPS;44551;13365;20;372;57316;;;;
2019-01-05;DPS;44368;13559;3;353;57305;;;;
2019-01-06;DPS;43317;14626;7;354;57341;;;;
2019-01-07;DPS;43231;14687;23;374;57325;;;;
2019-01-08;DPS;42699;15252;6;354;57355;;;;
2019-01-09;DPS;43391;14547;11;359;57341;;;;
2019-01-10;DPS;45175;12754;21;371;57337;;;;
2019-01-11;DPS;46383;11534;17;366;57311;;;;
2019-01-12;DPS;46790;11122;13;365;57296;;;;
2019-01-13;DPS;45934;12003;0;349;57317;;;;
2019-01-14;DPS;46340;11583;14;362;57317;;;;
2019-01-15;DPS;45440;12481;4;352;57293;;;;
2019-01-16;DPS;46489;11440;10;358;57321;;;;
2019-01-17;DPS;45574;12339;13;363;57297;;;;
2019-01-18;DPS;45955;11987;5;355;57338;;;;
2019-01-19;DPS;45146;12789;4;353;57322;;;;
2019-01-20;DPS;43419;14542;0;350;57366;;;;
2019-01-21;DPS;43429;14532;0;349;57366;;;;
2019-01-22;DPS;42108;15823;5;355;57316;;;;
2019-01-23;DPS;42483;15458;0;350;57326;;;;
2019-01-24;DPS;43903;14033;4;356;57326;;;;
2019-01-25;DPS;44897;13031;3;354;57308;;;;
2019-01-26;DPS;45337;12606;5;356;57340;;;;
2019-01-27;DPS;44365;13580;0;351;57336;;;;
2019-01-28;DPS;44800;13138;6;360;57336;;;;
2019-01-29;DPS;44215;13694;7;361;57280;;;;
2019-01-30;DPS;43144;14726;15;372;57220;;;;
2019-01-31;DPS;44606;13272;6;358;57214;;;;
2019-02-01;DPS;44669;13231;8;360;57263;;;;
2019-02-02;DPS;43394;14494;2;359;57231;;;;
2019-02-03;DPS;42116;15794;0;356;57270;;;;
2019-02-04;DPS;42671;15235;6;361;57274;;;;
2019-02-05;DPS;42673;15229;16;372;57284;;;;
2019-02-06;DPS;43056;14853;2;359;57274;;;;
2019-02-07;DPS;43544;14343;10;371;57249;;;;
2019-02-08;DPS;43803;14094;6;365;57260;;;;
2019-02-09;DPS;43909;14002;0;357;57274;;;;
2019-02-10;DPS;43020;14915;0;357;57322;;;;
2019-02-11;DPS;43582;14347;6;365;57323;;;;
2019-02-12;DPS;42675;15224;0;361;57254;;;;
2019-02-13;DPS;43215;14706;2;364;57301;;;;
2019-02-14;DPS;45094;12776;0;365;57199;;;;
2019-02-15;DPS;44075;13786;0;364;57181;;;;
2019-02-16;DPS;44040;13862;0;363;57261;;;;
2019-02-17;DPS;42569;15324;0;363;57243;;;;
2019-02-18;DPS;43072;14821;0;362;57243;;;;
2019-02-19;DPS;42884;15022;0;363;57270;;;;
2019-02-20;DPS;43388;14512;0;364;57259;;;;
2019-02-21;DPS;43905;13982;2;367;57237;;;;
2019-02-22;DPS;43730;14150;0;369;57224;;;;
2019-02-23;DPS;44501;13398;0;369;57262;;;;
2019-02-24;DPS;43024;14888;0;367;57286;;;;
2019-02-25;DPS;43444;14467;2;371;57288;;;;
2019-02-26;DPS;43495;14407;2;369;57270;;;;
2019-02-27;DPS;44619;13270;1;373;57245;;;;
2019-02-28;DPS;44614;13259;0;368;57209;;;;
2019-03-01;DPS;46126;11756;2;375;57234;;;;
2019-03-02;DPS;45936;11952;0;370;57239;;;;
2019-03-03;DPS;44820;13074;0;368;57251;;;;
2019-03-04;DPS;45125;12766;2;371;57250;;;;
2019-03-05;DPS;43624;14264;0;368;57239;;;;
2019-03-06;DPS;43261;14656;0;370;57297;;;;
2019-03-07;DPS;42651;15257;2;374;57285;;;;
2019-03-08;DPS;42435;15475;0;370;57285;;;;
2019-03-09;DPS;41547;16356;0;371;57272;;;;
2019-03-10;DPS;40752;17157;0;377;57287;;;;
2019-03-11;DPS;41333;16577;0;377;57289;;;;
2019-03-12;DPS;42446;15462;2;376;57289;;;;
2019-03-13;DPS;43847;14071;0;375;57306;;;;
2019-03-14;DPS;43264;14675;0;378;57348;;;;
2019-03-15;DPS;42569;15302;0;378;57212;;;;
2019-03-16;DPS;42773;15124;0;377;57263;;;;
2019-03-17;DPS;42353;15569;0;375;57314;;;;
2019-03-18;DPS;42716;15205;0;376;57313;;;;
2019-03-19;DPS;44126;13767;0;386;57264;;;;
2019-03-20;DPS;44891;13019;0;380;57292;;;;
2019-03-21;DPS;44969;12958;0;379;57326;;;;
2019-03-22;DPS;43956;13983;0;375;57348;;;;
2019-03-23;DPS;43868;14070;0;375;57344;;;;
2019-03-24;DPS;44298;13628;0;381;57325;;;;
2019-03-25;DPS;44496;13431;0;379;57325;;;;
2019-03-26;DPS;44795;13099;0;382;57261;;;;
2019-03-27;DPS;45378;12468;0;421;57214;;;;
2019-03-28;DPS;46062;11847;0;383;57295;;;;
2019-03-29;DPS;46387;11482;24;406;57259;;;;
2019-03-30;DPS;46511;11387;1;381;57269;;;;
2019-03-31;DPS;45594;12311;1;377;57283;;;;
2019-04-01;DPS;45922;11981;1;381;57279;;;;
2019-04-02;DPS;44571;13311;0;385;57240;;;;
2019-04-03;DPS;43008;14863;2;383;57218;;;;
2019-04-04;DPS;42421;15465;0;385;57248;;;;
2019-04-05;DPS;43293;14604;2;386;57273;;;;
2019-04-06;DPS;42063;15852;0;377;57302;;;;
2019-04-07;DPS;41333;16596;0;377;57330;;;;
2019-04-08;DPS;40947;16972;0;381;57310;;;;
2019-04-09;DPS;42347;15594;0;383;57356;;;;
2019-04-10;DPS;43935;13989;0;384;57327;;;;
2019-04-11;DPS;44940;12981;0;385;57318;;;;
2019-04-12;DPS;44796;13119;0;385;57306;;;;
2019-04-13;DPS;44545;13378;0;382;57317;;;;
2019-04-14;DPS;43653;14276;1;383;57333;;;;
2019-04-15;DPS;43817;14103;0;384;57313;;;;
2019-04-16;DPS;43502;14399;0;387;57280;;;;
2019-04-17;DPS;45113;12806;0;388;57316;;;;
2019-04-18;DPS;44484;13453;3;397;57364;;;;
2019-04-19;DPS;44671;13289;0;384;57398;;;;
2019-04-20;DPS;44889;13065;0;392;57390;;;;
2019-04-21;DPS;44351;13623;0;385;57427;;;;
2019-04-22;DPS;44350;13624;0;388;57427;;;;
2019-04-23;DPS;44259;13694;0;392;57388;;;;
2019-04-24;DPS;46749;11190;2;393;57363;;;;
2019-04-25;DPS;47166;10749;0;392;57313;;;;
2019-04-26;DPS;46433;11484;1;396;57322;;;;
2019-04-27;DPS;46128;11781;5;399;57313;;;;
2019-04-28;DPS;46018;11916;0;394;57353;;;;
2019-04-29;DPS;45889;12051;0;389;57364;;;;
2019-04-30;DPS;45529;12392;0;395;57328;;;;
2019-05-01;DPS;44684;13245;0;390;57343;;;;
2019-05-02;DPS;44603;13332;0;396;57357;;;;
2019-05-03;DPS;43362;14541;38;434;57369;;;;
2019-05-04;DPS;43143;14795;0;391;57362;;;;
2019-05-05;DPS;42311;15636;0;392;57377;;;;
2019-05-06;DPS;42353;15604;0;388;57397;;;;
2019-05-07;DPS;42569;15341;8;404;57323;;;;
2019-05-08;DPS;42922;15018;0;393;57365;;;;
2019-05-09;DPS;43802;14149;0;396;57389;;;;
2019-05-10;DPS;44898;13054;2;396;57393;;;;
2019-05-11;DPS;45804;12134;5;399;57371;;;;
2019-05-12;DPS;45131;12808;0;394;57363;;;;
2019-05-13;DPS;45598;12339;2;392;57363;;;;
2019-05-14;DPS;46124;11821;0;399;57382;;;;
2019-05-15;DPS;46499;11441;0;393;57368;;;;
2019-05-16;DPS;45934;11991;0;395;57338;;;;
2019-05-17;DPS;46469;11472;0;396;57370;;;;
2019-05-18;DPS;46073;11865;0;394;57365;;;;
2019-05-19;DPS;44385;13552;0;396;57364;;;;
2019-05-20;DPS;44817;13116;2;399;57362;;;;
2019-05-21;DPS;44370;13565;0;399;57361;;;;
2019-05-22;DPS;45303;12665;2;404;57433;;;;
2019-05-23;DPS;45351;12619;2;396;57433;;;;
2019-05-24;DPS;45220;12751;0;398;57435;;;;
2019-05-25;DPS;45198;12783;0;397;57454;;;;
2019-05-26;DPS;43910;14082;0;403;57478;;;;
2019-05-27;DPS;43925;14069;0;401;57480;;;;
2019-05-28;DPS;43301;14649;0;403;57392;;;;
2019-05-29;DPS;44466;13483;2;405;57392;;;;
2019-05-30;DPS;43843;14091;0;404;57363;;;;
2019-05-31;DPS;44345;13588;2;405;57364;;;;
2019-06-01;DPS;44083;13864;0;403;57389;;;;
2019-06-02;DPS;42217;15744;0;399;57416;;;;
2019-06-03;DPS;42216;15745;0;399;57416;;;;
2019-06-04;DPS;41616;16341;0;404;57409;;;;
2019-06-05;DPS;41962;16002;2;405;57426;;;;
2019-06-06;DPS;42174;15774;2;401;57394;;;;
2019-06-07;DPS;42393;15541;2;404;57369;;;;
2019-06-08;DPS;41063;16897;0;400;57415;;;;
2019-06-09;DPS;39507;18431;0;403;57370;;;;
2019-06-10;DPS;39506;18432;0;399;57370;;;;
2019-06-11;DPS;39925;18019;2;407;57389;;;;
2019-06-12;DPS;40622;17321;2;406;57384;;;;
2019-06-13;DPS;41569;16356;2;409;57350;;;;
2019-06-14;DPS;42558;15370;2;415;57362;;;;
2019-06-15;DPS;43344;14572;0;412;57333;;;;
2019-06-16;DPS;43544;14392;0;407;57368;;;;
2019-06-17;DPS;43548;14383;2;412;57366;;;;
2019-06-18;DPS;43123;14824;2;413;57398;;;;
2019-06-19;DPS;43748;14185;4;413;57374;;;;
2019-06-20;DPS;45063;12872;6;418;57384;;;;
2019-06-21;DPS;44826;13101;11;413;57369;;;;
2019-06-22;DPS;44990;12952;9;410;57398;;;;
2019-06-23;DPS;44384;13574;0;402;57410;;;;
2019-06-24;DPS;44377;13570;0;404;57392;;;;
2019-06-25;DPS;45473;12475;2;407;57399;;;;
2019-06-26;DPS;46477;11473;2;405;57402;;;;
2019-06-27;DPS;47214;10760;2;407;57451;;;;
2019-06-28;DPS;48384;9537;2;405;57343;;;;
2019-06-29;DPS;48315;9612;0;403;57352;;;;
2019-06-30;DPS;47635;10301;0;402;57368;;;;
2019-07-01;DPS;47800;10139;2;410;57384;;;;
2019-07-02;DPS;47219;10710;2;409;57363;;;;
2019-07-03;DPS;46596;11330;0;402;57348;;;;
2019-07-04;DPS;46531;11383;0;406;57328;;;;
2019-07-05;DPS;47318;10607;0;403;57347;;;;
2019-07-06;DPS;47255;10665;2;403;57340;;;;
2019-07-07;DPS;46974;10963;0;402;57370;;;;
2019-07-08;DPS;47092;10843;0;405;57369;;;;
2019-07-09;DPS;47185;10747;0;401;57360;;;;
2019-07-10;DPS;47237;10707;0;406;57388;;;;
2019-07-11;DPS;47089;10827;0;404;57330;;;;
2019-07-12;DPS;48262;9658;0;407;57341;;;;
2019-07-13;DPS;47969;9988;0;404;57411;;;;
2019-07-14;DPS;47311;10641;0;404;57403;;;;
2019-07-15;DPS;47611;10350;2;407;57426;;;;
2019-07-16;DPS;46193;11764;0;405;57414;;;;
2019-07-17;DPS;44940;12981;0;407;57341;;;;
2019-07-18;DPS;45286;12642;0;406;57354;;;;
2019-07-19;DPS;45203;12741;0;406;57386;;;;
2019-07-20;DPS;46787;11164;0;406;57400;;;;
2019-07-21;DPS;46000;11969;0;406;57436;;;;
2019-07-22;DPS;45852;12095;2;413;57401;;;;
2019-07-23;DPS;46324;11626;0;405;57400;;;;
2019-07-24;DPS;47600;10316;4;407;57338;;;;
2019-07-25;DPS;47491;10426;0;406;57335;;;;
2019-07-26;DPS;46711;11229;1;411;57384;;;;
2019-07-27;DPS;46359;11577;0;407;57371;;;;
2019-07-28;DPS;45872;12073;0;409;57389;;;;
2019-07-29;DPS;46321;11626;0;407;57391;;;;
2019-07-30;DPS;47640;10283;0;412;57350;;;;
2019-07-31;DPS;49559;8382;0;408;57382;;;;
2019-08-01;DPS;49815;8120;0;408;57370;;;;
2019-08-02;DPS;48872;9066;0;406;57377;;;;
2019-08-03;DPS;47608;10333;0;405;57382;;;;
2019-08-04;DPS;46578;11357;0;408;57370;;;;
2019-08-05;DPS;46700;11233;0;412;57372;;;;
2019-08-06;DPS;46617;11321;0;407;57378;;;;
2019-08-07;DPS;47142;10783;0;410;57352;;;;
2019-08-08;DPS;47582;10338;0;410;57345;;;;
2019-08-09;DPS;47736;10210;2;413;57399;;;;
2019-08-10;DPS;47996;9951;0;409;57395;;;;
2019-08-11;DPS;47373;10562;0;407;57372;;;;
2019-08-12;DPS;47672;10264;2;413;57380;;;;
2019-08-13;DPS;48188;9754;0;411;57390;;;;
2019-08-14;DPS;49068;8873;0;415;57389;;;;
2019-08-15;DPS;49789;8139;0;420;57368;;;;
2019-08-16;DPS;48934;9000;0;414;57377;;;;
2019-08-17;DPS;47845;10074;0;412;57345;;;;
2019-08-18;DPS;46888;11054;0;414;57391;;;;
2019-08-19;DPS;46623;11304;0;416;57361;;;;
2019-08-20;DPS;47737;10188;0;418;57359;;;;
2019-08-21;DPS;47992;9904;0;420;57303;;;;
2019-08-22;DPS;46858;11053;0;414;57331;;;;
2019-08-23;DPS;47880;10031;0;415;57332;;;;
2019-08-24;DPS;47324;10580;0;417;57316;;;;
2019-08-25;DPS;46661;11260;0;417;57350;;;;
2019-08-26;DPS;46484;11422;0;417;57324;;;;
2019-08-27;DPS;46562;11371;0;421;57376;;;;
2019-08-28;DPS;47755;10157;0;414;57333;;;;
2019-08-29;DPS;47286;10628;0;420;57339;;;;
2019-08-30;DPS;47049;10868;0;417;57346;;;;
2019-08-31;DPS;46508;11424;0;414;57371;;;;
2019-09-01;DPS;45403;12516;0;414;57347;;;;
2019-09-02;DPS;46028;11889;0;418;57345;;;;
2019-09-03;DPS;45405;12521;0;416;57363;;;;
2019-09-04;DPS;45673;12251;0;422;57363;;;;
2019-09-05;DPS;45883;12037;0;419;57354;;;;
2019-09-06;DPS;45916;12032;0;418;57400;;;;
2019-09-07;DPS;44006;13928;0;415;57378;;;;
2019-09-08;DPS;42567;15382;0;419;57408;;;;
2019-09-09;DPS;42892;15057;0;415;57408;;;;
2019-09-10;DPS;42248;15705;0;416;57417;;;;
2019-09-11;DPS;42590;15347;0;423;57392;;;;
2019-09-12;DPS;43450;14473;0;429;57370;;;;
2019-09-13;DPS;43490;14453;0;425;57406;;;;
2019-09-14;DPS;42873;15059;0;432;57386;;;;
2019-09-15;DPS;42801;15133;0;432;57390;;;;
2019-09-16;DPS;42612;15320;0;433;57387;;;;
2019-09-17;DPS;42693;15233;0;435;57377;;;;
2019-09-18;DPS;44077;13865;0;432;57411;;;;
2019-09-19;DPS;44072;13855;0;441;57385;;;;
2019-09-20;DPS;44594;13338;0;439;57391;;;;
2019-09-21;DPS;44641;13284;0;436;57381;;;;
2019-09-22;DPS;43758;14161;0;437;57370;;;;
2019-09-23;DPS;44412;13506;0;437;57368;;;;
2019-09-24;DPS;45251;12666;0;443;57367;;;;
2019-09-25;DPS;46286;11646;0;441;57390;;;;
2019-09-26;DPS;46810;11100;0;440;57351;;;;
2019-09-27;DPS;46750;11158;0;437;57348;;;;
2019-09-28;DPS;46473;11447;0;436;57371;;;;
2019-09-29;DPS;45372;12553;0;442;57382;;;;
2019-09-30;DPS;45536;12388;0;444;57382;;;;
2019-10-01;DPS;45326;12591;0;439;57368;;;;
2019-10-02;DPS;45302;12603;0;439;57344;;;;
2019-10-03;DPS;45269;12645;0;439;57360;;;;
2019-10-04;DPS;44486;13419;1;443;57344;;;;
2019-10-05;DPS;46314;11587;1;439;57337;;;;
2019-10-06;DPS;45311;12606;0;442;57366;;;;
2019-10-07;DPS;45787;12129;0;444;57366;;;;
2019-10-08;DPS;45571;12330;2;447;57346;;;;
2019-10-09;DPS;45534;12372;0;450;57352;;;;
2019-10-10;DPS;45288;12619;2;447;57352;;;;
2019-10-11;DPS;46272;11621;2;449;57326;;;;
2019-10-12;DPS;46969;10928;0;445;57324;;;;
2019-10-13;DPS;46608;11294;0;439;57338;;;;
2019-10-14;DPS;47007;10887;2;443;57328;;;;
2019-10-15;DPS;47561;10336;1;449;57333;;;;
2019-10-16;DPS;49088;8796;2;451;57308;;;;
2019-10-17;DPS;49449;8443;0;451;57324;;;;
2019-10-18;DPS;49243;8654;4;447;57340;;;;
2019-10-19;DPS;48802;9086;3;445;57319;;;;
2019-10-20;DPS;48222;9675;0;449;57330;;;;
2019-10-21;DPS;48067;9811;2;452;57299;;;;
2019-10-22;DPS;49743;8138;2;454;57307;;;;
2019-10-23;DPS;51136;6745;1;451;57304;;;;
2019-10-24;DPS;50194;7681;0;448;57288;;;;
2019-10-25;DPS;50079;7802;0;447;57298;;;;
2019-10-26;DPS;49698;8172;0;443;57278;;;;
2019-10-27;DPS;49678;8200;0;444;57295;;;;
2019-10-28;DPS;49812;8061;0;448;57289;;;;
2019-10-29;DPS;50591;7309;1;446;57342;;;;
2019-10-30;DPS;50300;7595;0;454;57333;;;;
2019-10-31;DPS;49939;7959;0;444;57335;;;;
2019-11-01;DPS;49525;8365;0;450;57319;;;;
2019-11-02;DPS;49299;8577;0;450;57295;;;;
2019-11-03;DPS;48542;9366;0;449;57354;;;;
2019-11-04;DPS;48376;9516;0;454;57326;;;;
2019-11-05;DPS;49182;8727;0;446;57359;;;;
2019-11-06;DPS;49005;8885;0;450;57322;;;;
2019-11-07;DPS;49368;8527;0;453;57332;;;;
2019-11-08;DPS;49771;8117;0;449;57320;;;;
2019-11-09;DPS;48435;9459;0;445;57321;;;;
2019-11-10;DPS;47057;10833;1;449;57325;;;;
2019-11-11;DPS;47026;10856;2;461;57315;;;;
2019-11-12;DPS;47910;9968;7;464;57315;;;;
2019-11-13;DPS;49319;8572;0;455;57325;;;;
2019-11-14;DPS;50207;7675;0;455;57309;;;;
2019-11-15;DPS;50787;7100;0;451;57320;;;;
2019-11-16;DPS;49892;8001;0;449;57330;;;;
2019-11-17;DPS;49589;8320;0;449;57358;;;;
2019-11-18;DPS;50067;7827;0;453;57336;;;;
2019-11-19;DPS;49974;7923;4;462;57348;;;;
2019-11-20;DPS;49433;8460;0;456;57331;;;;
2019-11-21;DPS;49087;8810;0;458;57341;;;;
2019-11-22;DPS;48503;9388;0;452;57329;;;;
2019-11-23;DPS;47785;10124;0;459;57365;;;;
2019-11-24;DPS;46488;11422;0;461;57366;;;;
2019-11-25;DPS;46592;11314;3;459;57369;;;;
2019-11-26;DPS;46097;11792;4;474;57343;;;;
2019-11-27;DPS;47217;10687;3;468;57366;;;;
2019-11-28;DPS;47760;10145;1;465;57363;;;;
2019-11-29;DPS;46312;11586;1;468;57352;;;;
2019-11-30;DPS;45279;12617;0;464;57344;;;;
2019-12-01;DPS;45187;12742;0;464;57399;;;;
2019-12-02;DPS;45524;12398;0;468;57398;;;;
2019-12-03;DPS;46274;11638;0;464;57374;;;;
2019-12-04;DPS;47640;10251;1;468;57337;;;;
2019-12-05;DPS;46633;11270;2;466;57360;;;;
2019-12-06;DPS;45101;12803;0;467;57360;;;;
2019-12-07;DPS;43772;14141;1;469;57382;;;;
2019-12-08;DPS;43923;14004;0;465;57404;;;;
2019-12-09;DPS;43742;14179;0;467;57394;;;;
2019-12-10;DPS;44984;12921;0;459;57362;;;;
2019-12-11;DPS;46229;11680;0;467;57372;;;;
2019-12-12;DPS;47479;10455;0;470;57423;;;;
2019-12-13;DPS;47180;10745;2;470;57407;;;;
2019-12-14;DPS;47460;10452;2;472;57383;;;;
2019-12-15;DPS;47937;10019;0;467;57464;;;;
2019-12-16;DPS;47900;10030;2;470;57417;;;;
2019-12-17;DPS;49113;8818;2;472;57421;;;;
2019-12-18;DPS;50379;7562;0;470;57437;;;;
2019-12-19;DPS;50516;7416;3;478;57430;;;;
2019-12-20;DPS;49723;8203;1;475;57413;;;;
2019-12-21;DPS;49652;8292;1;471;57447;;;;
2019-12-22;DPS;48032;9912;0;462;57442;;;;
2019-12-23;DPS;48271;9699;0;470;57495;;;;
2019-12-24;DPS;47786;10144;0;476;57420;;;;
2019-12-25;DPS;47302;10636;0;471;57431;;;;
2019-12-26;DPS;47305;10633;0;471;57431;;;;
2019-12-27;DPS;47364;10565;0;476;57418;;;;
2019-12-28;DPS;48912;9028;0;474;57438;;;;
2019-12-29;DPS;47149;10810;0;462;57475;;;;
2019-12-30;DPS;47120;10818;0;474;57435;;;;
2019-12-31;DPS;47623;10311;0;474;57426;;;;
2020-01-01;DPS;48268;9683;0;463;57456;;;;
2020-01-02;DPS;48458;9498;0;469;57472;;;;
2020-01-03;DPS;50050;7881;1;482;57429;;;;
2020-01-04;DPS;49834;8105;2;481;57445;;;;
2020-01-05;DPS;49713;8259;0;465;57504;;;;
2020-01-06;DPS;49713;8242;0;482;57476;;;;
2020-01-07;DPS;49369;8581;0;469;57464;;;;
2020-01-08;DPS;49561;8396;2;473;57477;;;;
2020-01-09;DPS;49664;8281;0;479;57453;;;;
2020-01-10;DPS;50617;7334;3;482;57471;;;;
2020-01-11;DPS;49938;8016;0;474;57469;;;;
2020-01-12;DPS;49890;8077;0;466;57495;;;;
2020-01-13;DPS;49935;8022;0;470;57479;;;;
2020-01-14;DPS;50105;7816;0;481;57407;;;;
2020-01-15;DPS;51719;6192;6;475;57398;;;;
2020-01-16;DPS;50415;7514;0;478;57420;;;;
2020-01-17;DPS;48933;8998;2;480;57429;;;;
2020-01-18;DPS;47067;10862;2;482;57425;;;;
2020-01-19;DPS;46152;11784;0;474;57434;;;;
2020-01-20;DPS;46074;11856;0;478;57422;;;;
2020-01-21;DPS;46459;11492;2;484;57472;;;;
2020-01-22;DPS;45345;12570;0;484;57392;;;;
2020-01-23;DPS;47235;10664;0;484;57366;;;;
2020-01-24;DPS;48429;9480;2;486;57390;;;;
2020-01-25;DPS;46512;11428;2;480;57450;;;;
2020-01-26;DPS;44601;13344;0;471;57445;;;;
2020-01-27;DPS;44844;13088;0;484;57434;;;;
2020-01-28;DPS;44045;13870;2;484;57402;;;;
2020-01-29;DPS;45005;12921;0;485;57422;;;;
2020-01-30;DPS;46748;11177;2;486;57423;;;;
2020-01-31;DPS;47996;9946;2;488;57459;;;;
2020-02-01;DPS;47350;10594;0;479;57460;;;;
2020-02-02;DPS;46223;11723;0;485;57462;;;;
2020-02-03;DPS;46086;11850;0;489;57446;;;;
2020-02-04;DPS;45748;12197;1;493;57463;;;;
2020-02-05;DPS;46281;11641;2;497;57424;;;;
2020-02-06;DPS;47150;10776;2;495;57434;;;;
2020-02-07;DPS;47639;10303;0;486;57460;;;;
2020-02-08;DPS;46682;11274;0;482;57489;;;;
2020-02-09;DPS;45312;12660;0;482;57521;;;;
2020-02-10;DPS;45288;12669;0;483;57492;;;;
2020-02-11;DPS;45129;12821;0;491;57481;;;;
2020-02-12;DPS;46618;11349;0;486;57514;;;;
2020-02-13;DPS;47153;10800;2;492;57494;;;;
2020-02-14;DPS;47318;10647;0;488;57512;;;;
2020-02-15;DPS;46525;11443;0;485;57516;;;;
2020-02-16;DPS;45370;12599;0;485;57518;;;;
2020-02-17;DPS;45907;12056;0;488;57509;;;;
2020-02-19;DPS;45650;12313;0;487;57508;;;;
2020-02-20;DPS;44636;13292;0;492;57442;;;;
2020-02-21;DPS;44414;13516;0;488;57442;;;;
2020-02-22;DPS;44357;13584;0;488;57464;;;;
2020-02-23;DPS;42706;15223;0;489;57441;;;;
2020-02-24;DPS;42873;15056;0;489;57442;;;;
2020-02-25;DPS;44654;13289;0;493;57471;;;;
2020-02-26;DPS;46071;11857;0;493;57444;;;;
2020-02-27;DPS;47392;10544;0;493;57459;;;;
2020-02-28;DPS;47861;10068;3;496;57451;;;;
2020-02-29;DPS;47171;10777;0;493;57483;;;;
2020-03-01;DPS;45057;12896;0;493;57491;;;;
2020-03-02;DPS;45010;12930;0;497;57471;;;;
2020-03-03;DPS;44678;13262;0;498;57472;;;;
2020-03-04;DPS;44870;13062;0;500;57456;;;;
2020-03-05;DPS;44671;13250;0;501;57438;;;;
2020-03-06;DPS;43824;14083;3;501;57412;;;;
2020-03-07;DPS;43551;14344;7;509;57400;;;;
2020-03-08;DPS;42902;15025;0;498;57446;;;;
2020-03-09;DPS;42579;15345;0;500;57442;;;;
2020-03-10;DPS;43841;14074;0;504;57428;;;;
2020-03-11;DPS;46612;11321;0;503;57463;;;;
2020-03-12;DPS;47644;10276;0;503;57437;;;;
2020-03-13;DPS;47969;9965;0;499;57461;;;;
2020-03-14;DPS;47297;10641;0;499;57470;;;;
2020-03-15;DPS;45708;12232;0;499;57467;;;;
2020-03-16;DPS;45600;12320;0;507;57441;;;;
2020-03-17;DPS;46041;11893;4;509;57475;;;;
2020-03-18;DPS;46262;11665;5;511;57464;;;;
2020-03-19;DPS;44736;13195;0;504;57460;;;;
2020-03-20;DPS;44066;13853;10;520;57462;;;;
2020-03-21;DPS;43688;14242;1;511;57466;;;;
2020-03-22;DPS;44192;13746;0;505;57476;;;;
2020-03-23;DPS;44014;13922;0;507;57473;;;;
2020-03-24;DPS;44285;13660;0;506;57491;;;;
2020-03-25;DPS;44111;13830;0;508;57484;;;;
2020-03-26;DPS;43680;14265;0;512;57496;;;;
2020-03-27;DPS;43686;14238;2;511;57455;;;;
2020-03-28;DPS;43081;14842;0;508;57448;;;;
2020-03-29;DPS;41902;16033;0;513;57471;;;;
2020-03-30;DPS;43242;14673;0;510;57434;;;;
2020-03-31;DPS;45412;12497;0;515;57427;;;;
2020-04-01;DPS;47851;10069;0;511;57444;;;;
2020-04-02;DPS;48077;9824;1;515;57412;;;;
2020-04-03;DPS;48338;9590;0;515;57465;;;;
2020-04-04;DPS;45167;12735;1;518;57415;;;;
2020-04-05;DPS;44062;13823;0;512;57375;;;;
2020-04-06;DPS;44362;13532;0;511;57394;;;;
2020-04-07;DPS;45864;12056;0;515;57448;;;;
2020-04-08;DPS;46602;11296;0;530;57418;;;;
2020-04-09;DPS;46157;11700;1;556;57364;;;;
2020-04-10;DPS;45664;12193;1;558;57366;;;;
2020-04-11;DPS;45027;12848;0;558;57401;;;;
2020-04-12;DPS;44645;13251;0;553;57440;;;;
2020-04-13;DPS;44651;13245;0;553;57440;;;;
2020-04-14;DPS;44442;13442;0;560;57420;;;;
2020-04-15;DPS;47817;10062;0;562;57412;;;;
2020-04-16;DPS;48448;9430;0;556;57404;;;;
2020-04-17;DPS;47605;10256;2;565;57381;;;;
2020-04-18;DPS;47163;10691;2;562;57364;;;;
2020-04-19;DPS;46176;11716;0;554;57433;;;;
2020-04-20;DPS;46336;11538;0;560;57401;;;;
2020-04-21;DPS;46565;11323;0;559;57425;;;;
2020-04-22;DPS;49390;8487;0;561;57407;;;;
2020-04-23;DPS;49377;8506;0;559;57417;;;;
2020-04-24;DPS;48597;9283;2;562;57416;;;;
2020-04-25;DPS;47552;10336;3;560;57434;;;;
2020-04-26;DPS;47023;10872;3;559;57446;;;;
2020-04-27;DPS;47102;10785;3;562;57431;;;;
2020-04-28;DPS;48248;9624;0;564;57400;;;;
2020-04-29;DPS;50686;7186;12;571;57419;;;;
2020-04-30;DPS;50284;7595;12;569;57434;;;;
2020-05-01;DPS;50122;7778;0;559;57445;;;;
2020-05-02;DPS;50340;7565;0;558;57463;;;;
2020-05-03;DPS;49670;8243;0;556;57477;;;;
2020-05-04;DPS;50524;7386;0;563;57475;;;;
2020-05-05;DPS;48538;9346;0;561;57421;;;;
2020-05-06;DPS;48299;9604;0;557;57458;;;;
2020-05-07;DPS;47704;10193;0;557;57446;;;;
2020-05-08;DPS;47414;10488;0;561;57457;;;;
2020-05-09;DPS;45561;12343;0;561;57461;;;;
2020-05-10;DPS;43503;14389;0;558;57437;;;;
2020-05-11;DPS;43835;14059;0;561;57444;;;;
2020-05-12;DPS;43800;14084;2;564;57426;;;;
2020-05-13;DPS;45357;12527;0;565;57425;;;;
2020-05-14;DPS;46601;11283;0;568;57427;;;;
2020-05-15;DPS;46613;11260;8;569;57418;;;;
2020-05-16;DPS;46894;10969;2;565;57388;;;;
2020-05-17;DPS;45495;12389;0;563;57426;;;;
2020-05-18;DPS;46021;11864;0;567;57428;;;;
2020-05-19;DPS;47895;9973;0;565;57396;;;;
2020-05-20;DPS;48384;9461;0;575;57356;;;;
2020-05-21;DPS;47625;10231;2;567;57376;;;;
2020-05-22;DPS;47837;10026;0;572;57389;;;;
2020-05-23;DPS;49351;8499;15;582;57392;;;;
2020-05-24;DPS;48233;9646;0;565;57418;;;;
2020-05-25;DPS;48448;9426;0;572;57411;;;;
2020-05-26;DPS;48236;9527;6;607;57262;;;;
2020-05-27;DPS;47432;10435;4;577;57404;;;;
2020-05-28;DPS;48246;9617;2;569;57392;;;;
2020-05-29;DPS;48608;9267;0;567;57412;;;;
2020-05-30;DPS;47893;9968;0;573;57386;;;;
2020-05-31;DPS;47408;10470;0;569;57416;;;;
2020-06-01;DPS;47188;10692;0;565;57420;;;;
2020-06-02;DPS;47719;10161;0;565;57420;;;;
2020-06-03;DPS;47063;10768;0;572;57325;;;;
2020-06-04;DPS;47156;10672;0;573;57320;;;;
2020-06-05;DPS;47386;10459;0;573;57352;;;;
2020-06-06;DPS;46808;11052;4;581;57392;;;;
2020-06-07;DPS;45336;12519;0;574;57371;;;;
2020-06-08;DPS;45805;12047;0;576;57369;;;;
2020-06-09;DPS;46414;11435;0;579;57365;;;;
2020-06-10;DPS;47737;10134;2;572;57407;;;;
2020-06-11;DPS;48194;9672;0;579;57396;;;;
2020-06-12;DPS;47360;10500;0;578;57386;;;;
2020-06-14;DPS;45244;12633;0;577;57418;;;;
2020-06-15;DPS;45465;12410;0;579;57416;;;;
2020-06-16;DPS;45291;12558;0;579;57365;;;;
2020-06-17;DPS;46117;11759;2;574;57423;;;;
2020-06-18;DPS;45179;12680;4;576;57393;;;;
2020-06-19;DPS;44016;13834;0;578;57368;;;;
2020-06-20;DPS;42669;15195;2;579;57396;;;;
2020-06-21;DPS;42275;15572;0;571;57360;;;;
2020-06-22;DPS;42973;14869;0;576;57355;;;;
2020-06-23;DPS;44197;13657;0;577;57374;;;;
2020-06-24;DPS;44861;12934;0;581;57257;;;;
2020-06-25;DPS;44690;13099;0;578;57242;;;;
2020-06-26;DPS;44257;13541;0;580;57265;;;;
2020-06-27;DPS;42510;15304;0;572;57294;;;;
2020-06-28;DPS;40918;16906;0;578;57315;;;;
2020-06-29;DPS;41686;16140;0;578;57319;;;;
2020-06-30;DPS;43907;13921;0;575;57325;;;;
2020-07-01;DPS;44476;13332;2;587;57293;;;;
2020-07-02;DPS;45582;12239;0;580;57309;;;;
2020-07-03;DPS;44823;13007;0;573;57328;;;;
2020-07-04;DPS;44430;13413;0;577;57352;;;;
2020-07-05;DPS;43405;14432;0;577;57341;;;;
2020-07-06;DPS;43608;14245;0;575;57373;;;;
2020-07-07;DPS;44220;13617;10;587;57360;;;;
2020-07-08;DPS;44524;13331;0;584;57382;;;;
2020-07-09;DPS;45652;12183;0;589;57346;;;;
2020-07-10;DPS;45138;12717;1;583;57382;;;;
2020-07-11;DPS;44811;13045;1;583;57384;;;;
2020-07-12;DPS;43926;13949;0;575;57419;;;;
2020-07-13;DPS;43876;13978;0;586;57382;;;;
2020-07-14;DPS;45109;12745;0;576;57378;;;;
2020-07-15;DPS;44866;12968;0;575;57338;;;;
2020-07-16;DPS;47362;10487;0;586;57372;;;;
2020-07-17;DPS;46176;11668;4;592;57372;;;;
2020-07-18;DPS;44327;13523;0;583;57371;;;;
2020-07-19;DPS;43222;14639;0;576;57393;;;;
2020-07-20;DPS;43181;14677;0;581;57392;;;;
2020-07-21;DPS;44256;13596;0;586;57378;;;;
2020-07-22;DPS;44642;13171;0;589;57303;;;;
2020-07-23;DPS;46963;10824;4;597;57263;;;;
2020-07-24;DPS;45046;12761;0;591;57292;;;;
2020-07-25;DPS;44199;13624;1;593;57328;;;;
2020-07-26;DPS;45116;12731;0;583;57372;;;;
2020-07-27;DPS;45650;12196;0;584;57371;;;;
2020-07-28;DPS;47144;10716;0;593;57401;;;;
2020-07-29;DPS;46957;10811;42;632;57296;;;;
2020-07-30;DPS;46203;11611;0;593;57309;;;;
2020-07-31;DPS;45131;12711;2;593;57367;;;;
2020-08-01;DPS;43584;14249;0;585;57346;;;;
2020-08-02;DPS;43702;14157;2;594;57402;;;;
2020-08-03;DPS;44346;13511;2;590;57401;;;;
2020-08-04;DPS;44873;12957;1;595;57342;;;;
2020-08-05;DPS;46635;11191;2;599;57341;;;;
2020-08-06;DPS;45413;12419;0;595;57347;;;;
2020-08-07;DPS;43793;14034;1;597;57340;;;;
2020-08-08;DPS;42097;15762;1;590;57401;;;;
2020-08-09;DPS;40753;17102;0;591;57391;;;;
2020-08-10;DPS;41124;16730;1;588;57392;;;;
2020-08-11;DPS;41285;16576;2;598;57411;;;;
2020-08-12;DPS;42892;14955;4;593;57386;;;;
2020-08-13;DPS;43337;14510;0;596;57378;;;;
2020-08-14;DPS;40759;17097;0;596;57396;;;;
2020-08-15;DPS;38294;19567;0;597;57403;;;;
2020-08-16;DPS;38686;19176;1;593;57405;;;;
2020-08-17;DPS;39377;18482;0;590;57403;;;;
2020-08-18;DPS;41070;16787;5;595;57409;;;;
2020-08-19;DPS;43881;13970;3;602;57396;;;;
2020-08-20;DPS;45453;12393;0;601;57382;;;;
2020-08-21;DPS;44561;13299;0;602;57410;;;;
2020-08-22;DPS;42395;15439;0;624;57380;;;;
2020-08-23;DPS;41275;16556;0;626;57375;;;;
2020-08-24;DPS;42053;15771;3;628;57372;;;;
2020-08-25;DPS;43344;14466;6;636;57349;;;;
2020-08-26;DPS;44424;13365;0;631;57295;;;;
2020-08-27;DPS;44010;13770;0;628;57276;;;;
2020-08-28;DPS;43062;14751;0;634;57349;;;;
2020-08-29;DPS;43433;14381;1;624;57346;;;;
2020-08-30;DPS;43602;14220;0;629;57362;;;;
2020-08-31;DPS;44219;13603;0;623;57362;;;;
2020-09-01;DPS;45864;11964;0;629;57374;;;;
2020-09-02;DPS;47574;10231;1;630;57330;;;;
2020-09-03;DPS;47026;10785;9;642;57362;;;;
2020-09-04;DPS;46394;11415;9;643;57359;;;;
2020-09-05;DPS;44422;13411;5;635;57395;;;;
2020-09-06;DPS;43857;13972;7;631;57391;;;;
2020-09-07;DPS;44448;13377;7;633;57385;;;;
2020-09-08;DPS;46729;11107;4;631;57400;;;;
2020-09-09;DPS;46658;11124;2;637;57290;;;;
2020-09-10;DPS;45437;12322;2;639;57248;;;;
2020-09-11;DPS;42271;15482;2;639;57236;;;;
2020-09-12;DPS;41059;16699;0;636;57239;;;;
2020-09-13;DPS;40380;17401;0;631;57286;;;;
2020-09-14;DPS;40974;16800;2;643;57282;;;;
2020-09-15;DPS;42547;15217;2;646;57265;;;;
2020-09-16;DPS;44745;13027;2;647;57282;;;;
2020-09-17;DPS;45675;12091;2;649;57272;;;;
2020-09-18;DPS;45394;12386;2;645;57295;;;;
2020-09-19;DPS;46178;11602;0;634;57289;;;;
2020-09-20;DPS;45348;12439;0;634;57303;;;;
2020-09-21;DPS;45970;11827;0;642;57325;;;;
2020-09-22;DPS;45764;11986;2;647;57238;;;;
2020-09-23;DPS;45974;11768;5;651;57228;;;;
2020-09-24;DPS;45203;12562;0;645;57262;;;;
2020-09-25;DPS;43762;14013;0;647;57286;;;;
2020-09-26;DPS;42581;15195;0;636;57283;;;;
2020-09-27;DPS;42081;15715;0;636;57323;;;;
2020-09-28;DPS;42281;15505;4;643;57314;;;;
2020-09-29;DPS;43023;14747;0;646;57274;;;;
2020-09-30;DPS;44323;13445;0;646;57270;;;;
2020-10-01;DPS;43909;13844;8;654;57255;;;;
2020-10-02;DPS;44188;13596;4;655;57315;;;;
2020-10-03;DPS;45997;11762;0;637;57250;;;;
2020-10-04;DPS;45979;11781;0;637;57252;;;;
2020-10-05;DPS;45881;11853;0;646;57203;;;;
2020-10-06;DPS;46707;11047;2;648;57246;;;;
2020-10-07;DPS;46053;11687;2;648;57218;;;;
2020-10-08;DPS;46368;11371;0;651;57217;;;;
2020-10-09;DPS;44263;13497;0;642;57257;;;;
2020-10-10;DPS;44700;13080;3;643;57301;;;;
2020-10-11;DPS;44155;13613;0;649;57274;;;;
2020-10-12;DPS;44336;13435;0;653;57277;;;;
2020-10-13;DPS;44540;13206;4;653;57237;;;;
2020-10-14;DPS;46393;11345;2;651;57215;;;;
2020-10-15;DPS;46433;11305;2;650;57217;;;;
2020-10-16;DPS;45212;12530;6;657;57236;;;;
2020-10-17;DPS;45420;12344;0;651;57268;;;;
2020-10-18;DPS;45265;12503;0;642;57265;;;;
2020-10-19;DPS;45809;11948;2;657;57261;;;;
2020-10-20;DPS;47842;9909;0;653;57242;;;;
2020-10-21;DPS;47854;9893;2;655;57239;;;;
2020-10-22;DPS;47837;9883;42;699;57269;;;;
2020-10-23;DPS;48054;9682;21;679;57260;;;;
2020-10-24;DPS;47286;10503;0;651;57317;;;;
2020-10-25;DPS;46291;11493;0;649;57306;;;;
2020-10-26;DPS;46727;11061;0;652;57316;;;;
2020-10-27;DPS;47149;10606;2;654;57254;;;;
2020-10-28;DPS;47382;10366;2;654;57240;;;;
2020-10-29;DPS;45816;11915;2;661;57213;;;;
2020-10-30;DPS;44118;13612;0;655;57202;;;;
2020-10-31;DPS;43700;14053;0;643;57244;;;;
2020-11-01;DPS;43540;14217;0;644;57250;;;;
2020-11-02;DPS;43391;14337;0;661;57202;;;;
2020-11-03;DPS;45366;12372;0;656;57219;;;;
2020-11-04;DPS;46583;11151;2;660;57217;;;;
2020-11-05;DPS;46267;11477;2;656;57231;;;;
2020-11-06;DPS;45563;12186;4;664;57253;;;;
2020-11-07;DPS;45183;12557;2;658;57227;;;;
2020-11-08;DPS;44299;13457;0;655;57255;;;;
2020-11-09;DPS;44532;13130;0;683;57115;;;;
2020-11-10;DPS;46686;11057;2;659;57233;;;;
2020-11-11;DPS;47698;10045;2;661;57239;;;;
2020-11-12;DPS;47298;10443;0;664;57232;;;;
2020-11-13;DPS;45838;11908;0;663;57241;;;;
2020-11-14;DPS;45573;12154;0;659;57201;;;;
2020-11-15;DPS;44746;13010;0;652;57259;;;;
2020-11-16;DPS;44602;13118;0;663;57190;;;;
2020-11-17;DPS;44340;13390;0;660;57207;;;;
2020-11-18;DPS;44838;12847;0;676;57134;;;;
2020-11-19;DPS;44541;13179;0;674;57202;;;;
2020-11-20;DPS;44055;13677;0;675;57227;;;;
2020-11-21;DPS;43395;14330;0;675;57212;;;;
2020-11-22;DPS;42812;14923;0;668;57233;;;;
2020-11-23;DPS;42928;14800;0;676;57221;;;;
2020-11-24;DPS;44706;13014;0;682;57213;;;;
2020-11-25;DPS;46547;11182;2;680;57229;;;;
2020-11-26;DPS;45791;11927;0;683;57208;;;;
2020-11-27;DPS;45092;12627;0;677;57204;;;;
2020-11-28;DPS;45036;12683;0;688;57213;;;;
2020-11-29;DPS;44889;12849;0;674;57245;;;;
2020-11-30;DPS;44924;12784;0;682;57187;;;;
2020-12-01;DPS;45197;12504;0;678;57169;;;;
2020-12-02;DPS;46867;10830;0;684;57167;;;;
2020-12-03;DPS;46648;11052;2;689;57180;;;;
2020-12-04;DPS;45248;12462;0;681;57190;;;;
2020-12-05;DPS;43813;13893;0;685;57185;;;;
2020-12-06;DPS;44183;13544;0;676;57221;;;;
2020-12-07;DPS;43890;13822;0;684;57197;;;;
2020-12-08;DPS;46298;11411;2;687;57196;;;;
2020-12-09;DPS;47369;10329;18;706;57209;;;;
2020-12-10;DPS;46368;11315;36;724;57215;;;;
2020-12-11;DPS;44828;12868;2;688;57173;;;;
2020-12-12;DPS;44243;13461;2;687;57187;;;;
2020-12-13;DPS;44565;13167;0;678;57237;;;;
2020-12-14;DPS;44477;13239;2;686;57210;;;;
2020-12-15;DPS;46382;11342;0;688;57226;;;;
2020-12-16;DPS;49067;8644;14;705;57230;;;;
2020-12-17;DPS;47716;10005;1;689;57221;;;;
2020-12-18;DPS;46799;10904;23;711;57229;;;;
2020-12-19;DPS;45290;12395;25;717;57201;;;;
2020-12-20;DPS;44168;13574;0;682;57259;;;;
2020-12-21;DPS;44191;13549;0;684;57259;;;;
2020-12-22;DPS;44706;13030;0;693;57254;;;;
2020-12-23;DPS;44925;12805;0;690;57239;;;;
2020-12-24;DPS;43935;13730;0;698;57132;;;;
2020-12-25;DPS;43603;14130;0;687;57244;;;;
2020-12-26;DPS;43596;14137;0;687;57244;;;;
2020-12-27;DPS;43596;14137;0;687;57244;;;;
2020-12-28;DPS;43846;13882;0;695;57241;;;;
2020-12-29;DPS;44426;13288;0;697;57213;;;;
2020-12-30;DPS;46651;11069;0;694;57226;;;;
2020-12-31;DPS;45903;11827;0;696;57248;;;;
2021-01-01;DPS;45473;12273;0;691;57276;;;;
2021-01-02;DPS;45392;12338;0;697;57249;;;;
2021-01-03;DPS;44215;13539;0;690;57293;;;;
2021-01-04;DPS;44180;13559;0;697;57267;;;;
2021-01-05;DPS;45556;12218;0;694;57333;;;;
2021-01-06;DPS;45753;12005;0;694;57297;;;;
2021-01-07;DPS;41368;16380;0;692;57283;;;;
2021-01-08;DPS;39973;17773;0;691;57278;;;;
2021-01-09;DPS;41626;16106;0;693;57252;;;;
2021-01-10;DPS;41866;15890;0;691;57298;;;;
2021-01-11;DPS;42398;15355;0;694;57295;;;;
2021-01-12;DPS;44958;12803;0;695;57308;;;;
2021-01-13;DPS;44326;13404;0;695;57246;;;;
2021-01-14;DPS;43006;14732;0;694;57265;;;;
2021-01-15;DPS;40985;16738;0;698;57238;;;;
2021-01-16;DPS;41012;16727;0;702;57271;;;;
2021-01-17;DPS;41831;15930;0;699;57312;;;;
2021-01-18;DPS;41902;15859;0;695;57312;;;;
2021-01-19;DPS;40993;16751;0;701;57283;;;;
2021-01-20;DPS;42852;14894;0;701;57282;;;;
2021-01-21;DPS;42847;14885;0;706;57259;;;;
2021-01-22;DPS;41100;16640;0;701;57271;;;;
2021-01-23;DPS;40343;17413;0;702;57304;;;;
2021-01-24;DPS;38777;18970;0;697;57286;;;;
2021-01-25;DPS;39110;18642;0;706;57299;;;;
2021-01-26;DPS;39726;18018;0;704;57281;;;;
2021-01-27;DPS;39623;18052;0;711;57150;;;;
2021-01-28;DPS;40124;17596;0;707;57236;;;;
2021-01-29;DPS;39668;18043;2;708;57221;;;;
2021-01-30;DPS;40031;17699;0;698;57253;;;;
2021-01-31;DPS;40169;17562;0;703;57255;;;;
2021-02-01;DPS;40138;17582;0;707;57237;;;;
2021-02-02;DPS;40023;17682;0;706;57205;;;;
2021-02-03;DPS;41360;16292;0;707;57100;;;;
2021-02-04;DPS;41791;15898;0;709;57175;;;;
2021-02-05;DPS;41348;16334;0;716;57169;;;;
2021-02-06;DPS;40979;16717;0;703;57190;;;;
2021-02-07;DPS;41104;16602;0;708;57210;;;;
2021-02-08;DPS;40884;16815;0;707;57199;;;;
2021-02-09;DPS;42038;15618;0;712;57116;;;;
2021-02-10;DPS;42483;15183;0;714;57141;;;;
2021-02-11;DPS;41208;16481;0;718;57185;;;;
2021-02-12;DPS;39964;17734;0;711;57202;;;;
2021-02-13;DPS;39246;18465;0;707;57224;;;;
2021-02-14;DPS;39274;18452;0;707;57254;;;;
2021-02-15;DPS;39207;18510;0;714;57237;;;;
2021-02-16;DPS;40366;17315;0;718;57168;;;;
2021-02-17;DPS;41504;16172;0;717;57158;;;;
2021-02-18;DPS;41978;15710;0;717;57184;;;;
2021-02-19;DPS;41394;16312;0;717;57218;;;;
2021-02-20;DPS;42178;15537;0;712;57237;;;;
2021-02-21;DPS;42107;15627;0;718;57275;;;;
2021-02-22;DPS;42596;15136;0;719;57272;;;;
2021-02-23;DPS;43097;14601;0;718;57197;;;;
2021-02-24;DPS;42413;15285;1;721;57207;;;;
2021-02-25;DPS;41164;16548;0;719;57232;;;;
2021-02-26;DPS;40300;17403;0;723;57218;;;;
2021-02-27;DPS;42350;15363;0;721;57234;;;;
2021-02-28;DPS;42516;15211;0;715;57264;;;;
2021-03-01;DPS;42866;14861;0;715;57264;;;;
2021-03-02;DPS;43148;14552;0;725;57214;;;;
2021-03-03;DPS;43181;14519;0;729;57218;;;;
2021-03-04;DPS;42730;14974;0;722;57220;;;;
2021-03-05;DPS;41853;15860;0;723;57238;;;;
2021-03-06;DPS;42577;15135;0;716;57235;;;;
2021-03-07;DPS;42386;15347;0;716;57277;;;;
2021-03-08;DPS;42816;14917;0;722;57277;;;;
2021-03-09;DPS;43516;14180;0;716;57203;;;;
2021-03-10;DPS;44301;13395;0;727;57205;;;;
2021-03-11;DPS;43527;14185;0;723;57236;;;;
2021-03-12;DPS;41933;15780;0;725;57241;;;;
2021-03-13;DPS;43029;14690;0;722;57251;;;;
2021-03-14;DPS;43268;14458;0;723;57265;;;;
2021-03-15;DPS;43849;13876;0;723;57263;;;;
2021-03-16;DPS;43937;13755;0;725;57195;;;;
2021-03-17;DPS;44438;13224;0;727;57141;;;;
2021-03-18;DPS;44020;13661;0;729;57180;;;;
2021-03-19;DPS;41898;15797;0;723;57208;;;;
2021-03-20;DPS;41214;16502;0;723;57245;;;;
2021-03-21;DPS;41150;16546;0;739;57224;;;;
2021-03-22;DPS;41623;16083;0;726;57229;;;;
2021-03-23;DPS;42092;15597;0;727;57191;;;;
2021-03-24;DPS;42614;15020;1;726;57083;;;;
2021-03-25;DPS;41955;15704;0;727;57133;;;;
2021-03-26;DPS;39740;17900;12;735;57122;;;;
2021-03-27;DPS;39171;18499;0;722;57157;;;;
2021-03-28;DPS;40067;17618;0;720;57185;;;;
2021-03-29;DPS;39862;17800;0;730;57142;;;;
2021-03-30;DPS;42294;15381;0;728;57167;;;;
2021-03-31;DPS;42928;14755;0;730;57184;;;;
2021-04-01;DPS;41831;15868;0;728;57214;;;;
2021-04-02;DPS;40996;16706;0;722;57221;;;;
2021-04-03;DPS;40988;16693;0;726;57183;;;;
2021-04-04;DPS;41429;16272;0;722;57219;;;;
2021-04-05;DPS;41428;16273;0;728;57219;;;;
2021-04-06;DPS;41483;16212;0;732;57210;;;;
2021-04-07;DPS;42591;15087;0;731;57175;;;;
2021-04-08;DPS;41687;15992;0;731;57177;;;;
2021-04-09;DPS;40451;17031;145;902;57126;;;;
2021-04-10;DPS;41334;16342;0;722;57169;;;;
2021-04-11;DPS;41064;16628;0;730;57201;;;;
2021-04-12;DPS;41517;16176;0;730;57203;;;;
2021-04-13;DPS;41731;15943;0;730;57182;;;;
2021-04-14;DPS;42995;14648;0;733;57107;;;;
2021-04-15;DPS;42539;15092;0;768;57151;;;;
2021-04-16;DPS;41370;16315;0;726;57187;;;;
2021-04-17;DPS;41125;16548;0;722;57163;;;;
2021-04-18;DPS;40634;17061;0;726;57207;;;;
2021-04-19;DPS;40739;16955;0;727;57206;;;;
2021-04-20;DPS;41718;15949;0;725;57154;;;;
2021-04-21;DPS;43077;14592;2;732;57161;;;;
2021-04-22;DPS;41917;15760;1;731;57177;;;;
2021-04-23;DPS;40311;17384;0;729;57210;;;;
2021-04-24;DPS;40014;17664;0;728;57179;;;;
2021-04-25;DPS;39943;17745;0;728;57199;;;;
2021-04-26;DPS;40307;17379;0;730;57197;;;;
2021-04-27;DPS;41103;16562;0;732;57153;;;;
2021-04-28;DPS;41841;15830;0;732;57165;;;;
2021-04-29;DPS;41298;16395;0;729;57209;;;;
2021-04-30;DPS;40449;17246;0;730;57215;;;;
2021-05-01;DPS;41660;16062;2;734;57270;;;;
2021-05-02;DPS;41662;16060;0;729;57268;;;;
2021-05-03;DPS;42159;15563;0;729;57268;;;;
2021-05-04;DPS;42502;15155;0;731;57140;;;;
2021-05-05;DPS;43882;13797;0;739;57187;;;;
2021-05-06;DPS;42781;14896;0;731;57180;;;;
2021-05-07;DPS;40884;16776;1;738;57149;;;;
2021-05-08;DPS;39828;17831;7;743;57151;;;;
2021-05-09;DPS;38886;18770;0;731;57138;;;;
2021-05-10;DPS;39337;18318;0;733;57138;;;;
2021-05-11;DPS;40969;16687;0;738;57140;;;;
2021-05-12;DPS;42039;15636;1;738;57179;;;;
2021-05-13;DPS;41449;16216;0;736;57156;;;;
2021-05-14;DPS;41788;15879;0;735;57164;;;;
2021-05-15;DPS;41797;15840;35;769;57170;;;;
2021-05-16;DPS;41458;16211;0;737;57165;;;;
2021-05-17;DPS;42097;15571;0;740;57165;;;;
2021-05-18;DPS;41955;15693;0;736;57125;;;;
2021-05-19;DPS;43143;14476;8;748;57084;;;;
2021-05-20;DPS;43301;14350;0;737;57129;;;;
2021-05-21;DPS;42933;14719;0;742;57135;;;;
2021-05-22;DPS;42621;15031;0;735;57134;;;;
2021-05-23;DPS;42526;15140;0;734;57161;;;;
2021-05-24;DPS;42508;15158;0;734;57161;;;;
2021-05-25;DPS;42920;14745;0;742;57164;;;;
2021-05-26;DPS;44258;13400;0;745;57149;;;;
2021-05-27;DPS;44474;13102;66;810;57117;;;;
2021-05-28;DPS;42767;14711;169;912;57125;;;;
2021-05-29;DPS;42460;15217;0;736;57183;;;;
2021-05-30;DPS;42533;15133;0;744;57163;;;;
2021-05-31;DPS;42946;14720;0;745;57164;;;;
2021-06-01;DPS;43237;14408;0;746;57125;;;;
2021-06-02;DPS;44629;12945;61;805;57106;;;;
2021-06-03;DPS;44052;13600;0;748;57141;;;;
2021-06-04;DPS;42899;14758;0;746;57149;;;;
2021-06-05;DPS;42697;14957;0;742;57145;;;;
2021-06-06;DPS;42470;15195;0;742;57167;;;;
2021-06-07;DPS;42794;14871;0;742;57167;;;;
2021-06-08;DPS;43267;14369;0;748;57108;;;;
2021-06-09;DPS;44208;13411;0;756;57083;;;;
2021-06-10;DPS;43076;14563;0;751;57119;;;;
2021-06-11;DPS;42187;15448;0;749;57114;;;;
2021-06-12;DPS;39927;17735;0;745;57164;;;;
2021-06-13;DPS;39328;18311;0;749;57118;;;;
2021-06-14;DPS;39831;17875;0;755;57275;;;;
2021-06-15;DPS;40060;17582;0;749;57128;;;;
2021-06-16;DPS;41253;16400;0;747;57148;;;;
2021-06-17;DPS;40870;16782;0;747;57146;;;;
2021-06-18;DPS;40402;17245;0;751;57138;;;;
2021-06-19;DPS;40387;17276;0;747;57164;;;;
2021-06-20;DPS;39549;18117;0;745;57170;;;;
2021-06-21;DPS;39918;17742;0;749;57164;;;;
2021-06-22;DPS;42303;15368;0;747;57184;;;;
2021-06-23;DPS;44071;13586;0;750;57155;;;;
2021-06-24;DPS;45287;12372;0;754;57165;;;;
2021-06-25;DPS;44341;13316;0;749;57158;;;;
2021-06-26;DPS;44511;13159;0;747;57181;;;;
2021-06-27;DPS;43549;14126;0;746;57191;;;;
2021-06-28;DPS;43989;13685;0;746;57189;;;;
2021-06-29;DPS;43562;14043;32;779;57115;;;;
2021-06-30;DPS;44722;12917;0;751;57123;;;;
2021-07-01;DPS;44817;12844;0;746;57163;;;;
2021-07-02;DPS;43896;13763;0;749;57162;;;;
2021-07-03;DPS;42866;14798;0;747;57170;;;;
2021-07-04;DPS;42879;14789;0;748;57179;;;;
2021-07-05;DPS;43433;14233;0;749;57176;;;;
2021-07-06;DPS;44039;13621;0;747;57162;;;;
2021-07-07;DPS;44434;13275;0;758;57274;;;;
2021-07-08;DPS;44400;13256;0;750;57156;;;;
2021-07-09;DPS;43319;14333;0;755;57154;;;;
2021-07-10;DPS;42278;15380;0;748;57159;;;;
2021-07-11;DPS;41913;15760;0;748;57189;;;;
2021-07-12;DPS;42305;15364;0;752;57183;;;;
2021-07-13;DPS;42433;15195;0;752;57101;;;;
2021-07-14;DPS;43979;13644;0;753;57092;;;;
2021-07-15;DPS;42993;14669;0;751;57169;;;;
2021-07-16;DPS;41204;16455;0;751;57163;;;;
2021-07-17;DPS;40955;16709;0;749;57169;;;;
2021-07-18;DPS;40005;17654;0;749;57161;;;;
2021-07-19;DPS;40638;17017;2;753;57159;;;;
2021-07-20;DPS;42099;15579;0;750;57200;;;;
2021-07-21;DPS;42546;15127;0;752;57192;;;;
2021-07-22;DPS;43658;14003;0;755;57171;;;;
2021-07-23;DPS;43397;14287;0;752;57214;;;;
2021-07-24;DPS;42749;14936;0;752;57217;;;;
2021-07-25;DPS;42699;14996;0;752;57236;;;;
2021-07-26;DPS;43082;14609;0;756;57232;;;;
2021-07-27;DPS;44858;12857;0;759;57291;;;;
2021-07-28;DPS;44256;13366;0;753;57090;;;;
2021-07-29;DPS;44629;13129;2;769;57384;;;;
2021-07-30;DPS;42953;14665;4;772;57106;;;;
2021-07-31;DPS;43809;13831;0;764;57137;;;;
2021-08-01;DPS;43032;14608;0;765;57139;;;;
2021-08-02;DPS;43506;14133;0;766;57139;;;;
2021-08-03;DPS;44204;13438;2;772;57151;;;;
2021-08-04;DPS;44746;12895;2;770;57149;;;;
2021-08-05;DPS;44930;12725;2;770;57177;;;;
2021-08-06;DPS;44324;13334;2;769;57182;;;;
2021-08-07;DPS;43242;14438;0;766;57221;;;;
2021-08-08;DPS;41467;16207;0;764;57207;;;;
2021-08-09;DPS;41830;15848;0;766;57217;;;;
2021-08-10;DPS;42086;15588;0;766;57209;;;;
2021-08-11;DPS;42535;15135;2;768;57205;;;;
2021-08-12;DPS;41935;15730;0;766;57191;;;;
2021-08-13;DPS;40496;17182;2;768;57221;;;;
2021-08-14;DPS;42265;15405;2;770;57207;;;;
2021-08-15;DPS;42607;15062;0;764;57197;;;;
2021-08-16;DPS;42592;15084;0;764;57211;;;;
2021-08-17;DPS;43212;14455;2;769;57200;;;;
2021-08-18;DPS;44615;12995;2;774;57091;;;;
2021-08-19;DPS;45053;12583;0;767;57133;;;;
2021-08-20;DPS;44502;13126;2;773;57126;;;;
2021-08-21;DPS;43596;14038;0;768;57131;;;;
2021-08-22;DPS;43195;14457;0;768;57167;;;;
2021-08-23;DPS;43108;14530;0;771;57142;;;;
2021-08-24;DPS;43109;14490;0;771;57064;;;;
2021-08-25;DPS;42655;14876;2;772;56931;;;;
2021-08-26;DPS;43484;14017;2;775;56873;;;;
2021-08-27;DPS;42263;15240;0;770;56871;;;;
2021-08-28;DPS;42552;14964;0;771;56897;;;;
2021-08-29;DPS;42267;15244;0;769;56886;;;;
2021-08-30;DPS;42432;15089;0;773;56910;;;;
2021-08-31;DPS;44292;13230;2;774;56915;;;;
2021-09-01;DPS;44974;12541;4;777;56906;;;;
2021-09-02;DPS;44838;12671;0;775;56888;;;;
2021-09-03;DPS;44628;12910;2;778;56951;;;;
2021-09-04;DPS;44265;13265;0;771;56926;;;;
2021-09-05;DPS;44065;13455;0;771;56906;;;;
2021-09-06;DPS;44391;13144;0;773;56938;;;;
2021-09-07;DPS;44908;12607;0;777;56902;;;;
2021-09-08;DPS;44932;12575;0;782;56891;;;;
2021-09-09;DPS;44012;13509;2;781;56920;;;;
2021-09-10;DPS;42924;14581;2;781;56888;;;;
2021-09-11;DPS;43367;14144;0;784;56901;;;;
2021-09-12;DPS;43513;14013;0;778;56925;;;;
2021-09-13;DPS;43660;13848;0;783;56893;;;;
2021-09-14;DPS;44318;13158;0;783;56830;;;;
2021-09-15;DPS;44951;12530;2;784;56843;;;;
2021-09-16;DPS;44600;12882;2;787;56848;;;;
2021-09-18;DPS;45252;12244;0;779;56866;;;;
2021-09-19;DPS;45211;12286;0;779;56868;;;;
2021-09-20;DPS;45184;12289;0;781;56822;;;;
2021-09-21;DPS;46833;10636;5;786;56824;;;;
2021-09-22;DPS;47259;10199;2;785;56798;;;;
2021-09-23;DPS;45929;11543;2;785;56826;;;;
2021-09-24;DPS;45265;12192;2;786;56797;;;;
2021-09-25;DPS;46050;11414;0;782;56805;;;;
2021-09-26;DPS;46690;10797;0;779;56848;;;;
2021-09-27;DPS;46735;10740;2;785;56832;;;;
2021-09-28;DPS;47485;9992;2;781;56832;;;;
2021-09-29;DPS;47928;9545;2;788;56831;;;;
2021-09-30;DPS;48114;9372;2;786;56855;;;;
2021-10-01;DPS;47077;10402;0;780;56833;;;;
2021-10-02;DPS;46159;11337;0;783;56870;;;;
2021-10-03;DPS;45489;12016;0;779;56884;;;;
2021-10-04;DPS;45220;12261;0;783;56840;;;;
2021-10-05;DPS;43352;14124;0;782;56829;;;;
2021-10-06;DPS;45154;12314;2;787;56820;;;;
2021-10-07;DPS;44539;12949;0;785;56856;;;;
2021-10-08;DPS;42562;14927;0;787;56860;;;;
2021-10-09;DPS;42235;15264;0;784;56877;;;;
2021-10-10;DPS;42071;15434;0;784;56889;;;;
2021-10-11;DPS;42170;15326;0;785;56872;;;;
2021-10-12;DPS;42862;14614;2;787;56831;;;;
2021-10-13;DPS;44295;13155;2;791;56788;;;;
2021-10-14;DPS;43827;13637;0;789;56812;;;;
2021-10-15;DPS;43215;14254;0;789;56822;;;;
2021-10-16;DPS;42780;14712;0;788;56867;;;;
2021-10-17;DPS;41626;15873;0;788;56881;;;;
2021-10-18;DPS;42002;15487;0;790;56863;;;;
2021-10-19;DPS;42445;15025;2;794;56831;;;;
2021-10-20;DPS;44283;13176;4;797;56814;;;;
2021-10-21;DPS;44877;12595;2;796;56837;;;;
2021-10-22;DPS;44819;12659;2;794;56847;;;;
2021-10-23;DPS;43887;13599;0;789;56856;;;;
2021-10-24;DPS;43589;13907;0;789;56874;;;;
2021-10-25;DPS;43711;13759;4;798;56837;;;;
2021-10-26;DPS;43941;13526;2;801;56832;;;;
2021-10-27;DPS;44446;13035;2;796;56855;;;;
2021-10-28;DPS;45289;12192;2;797;56856;;;;
2021-10-29;DPS;44117;12478;889;1686;56860;;;;
2021-10-30;DPS;42864;14626;2;795;56872;;;;
2021-10-31;DPS;42414;15092;2;795;56904;;;;
2021-11-01;DPS;42844;14663;2;799;56910;;;;
2021-11-02;DPS;44153;13329;2;797;56858;;;;
2021-11-03;DPS;44943;12549;2;799;56880;;;;
2021-11-04;DPS;44100;13363;2;806;56828;;;;
2021-11-05;DPS;44033;13421;4;807;56813;;;;
2021-11-06;DPS;42713;14746;4;804;56821;;;;
2021-11-07;DPS;42565;14912;0;796;56845;;;;
2021-11-08;DPS;42697;14770;2;801;56832;;;;
2021-11-09;DPS;44293;13184;2;806;56857;;;;
2021-11-10;DPS;46750;10721;4;806;56847;;;;
2021-11-11;DPS;47932;9532;2;807;56830;;;;
2021-11-12;DPS;47897;9553;4;811;56808;;;;
2021-11-13;DPS;47263;10202;4;807;56834;;;;
2021-11-14;DPS;46470;11014;0;800;56860;;;;
2021-11-15;DPS;48636;8850;4;804;56875;;;;
2021-11-16;DPS;50705;6782;4;804;56877;;;;
2021-11-17;DPS;50849;6616;4;809;56838;;;;
2021-11-18;DPS;50614;6857;4;811;56851;;;;
2021-11-19;DPS;48305;9156;4;813;56833;;;;
2021-11-20;DPS;48664;8808;4;807;56850;;;;
2021-11-21;DPS;47670;9803;4;803;56848;;;;
2021-11-22;DPS;48149;9325;4;805;56852;;;;
2021-11-23;DPS;50483;6993;4;804;56855;;;;
2021-11-24;DPS;50603;6852;4;806;56815;;;;
2021-11-25;DPS;49998;7451;6;811;56810;;;;
2021-11-26;DPS;48941;8529;6;807;56848;;;;
2021-11-27;DPS;48783;8686;4;804;56841;;;;
2021-11-28;DPS;48188;9295;0;800;56861;;;;
2021-11-29;DPS;48369;9100;8;811;56852;;;;
2021-11-30;DPS;51343;6126;4;812;56848;;;;
2021-12-01;DPS;51023;6446;4;810;56846;;;;
2021-12-02;DPS;49017;8471;6;813;56890;;;;
2021-12-03;DPS;48646;8846;4;806;56889;;;;
2021-12-04;DPS;47941;9541;6;813;56878;;;;
2021-12-05;DPS;48173;9329;2;804;56905;;;;
